"rowGrp","colGrp","rowLevels","colLevels","n","n_se"
"TC1name","ind","Alternative Medicines","Total",39,0
"TC1name","ind","Anti-Infectives","Total",7581,0
"TC1name","ind","Antineoplastics","Total",437,0
"TC1name","ind","Biologicals","Total",30,0
"TC1name","ind","Cardiovascular Agents","Total",6327,0
"TC1name","ind","Central Nervous System Agents","Total",8347,0
"TC1name","ind","Coagulation Modifiers","Total",886,0
"TC1name","ind","Gastrointestinal Agents","Total",3069,0
"TC1name","ind","Hormones/Hormone Modifiers","Total",4487,0
"TC1name","ind","Immunologic Agents","Total",54,0
"TC1name","ind","Metabolic Agents","Total",4625,0
"TC1name","ind","Miscellaneous Agents","Total",916,0
"TC1name","ind","Not Ascertained","Total",1484,0
"TC1name","ind","Nutritional Products","Total",1996,0
"TC1name","ind","Psychotherapeutic Agents","Total",2733,0
"TC1name","ind","Respiratory Agents","Total",4789,0
"TC1name","ind","Topical Agents","Total",4333,0
"RXDRGNAM","ind","ABACAVIR","Total",8,0
"RXDRGNAM","ind","ABACAVIR-LAMIVUDINE","Total",5,0
"RXDRGNAM","ind","ABACAVIR/LAMIVUDINE/ZIDOVUDINE","Total",2,0
"RXDRGNAM","ind","ACAMPROSATE","Total",3,0
"RXDRGNAM","ind","ACARBOSE","Total",15,0
"RXDRGNAM","ind","ACEBUTOLOL","Total",16,0
"RXDRGNAM","ind","ACETAMINOPHEN","Total",414,0
"RXDRGNAM","ind","ACETAMINOPHEN-BUTALBITAL","Total",6,0
"RXDRGNAM","ind","ACETAMINOPHEN-CODEINE","Total",647,0
"RXDRGNAM","ind","ACETAMINOPHEN-HYDROCODONE","Total",1871,0
"RXDRGNAM","ind","ACETAMINOPHEN-OXYCODONE","Total",577,0
"RXDRGNAM","ind","ACETAMINOPHEN-PENTAZOCINE","Total",3,0
"RXDRGNAM","ind","ACETAMINOPHEN-PHENYLTOLOXAMINE","Total",6,0
"RXDRGNAM","ind","ACETAMINOPHEN-PROPOXYPHENE","Total",449,0
"RXDRGNAM","ind","ACETAMINOPHEN-TRAMADOL","Total",67,0
"RXDRGNAM","ind","ACETAZOLAMIDE","Total",8,0
"RXDRGNAM","ind","ACETIC ACID-HYDROCORTISONE OTIC","Total",7,0
"RXDRGNAM","ind","ACETIC ACID OTIC","Total",3,0
"RXDRGNAM","ind","ACETIC ACID TOPICAL","Total",2,0
"RXDRGNAM","ind","ACETYLCYSTEINE","Total",5,0
"RXDRGNAM","ind","ACITRETIN","Total",3,0
"RXDRGNAM","ind","ACRIVASTINE-PSEUDOEPHEDRINE","Total",1,0
"RXDRGNAM","ind","ACYCLOVIR","Total",67,0
"RXDRGNAM","ind","ACYCLOVIR TOPICAL","Total",16,0
"RXDRGNAM","ind","ADALIMUMAB","Total",8,0
"RXDRGNAM","ind","ADAPALENE TOPICAL","Total",41,0
"RXDRGNAM","ind","ADEFOVIR","Total",3,0
"RXDRGNAM","ind","AL HYDROXIDE/ASA/CA CARBONATE/MG HYDROXIDE","Total",3,0
"RXDRGNAM","ind","AL HYDROXIDE/MG HYDROXIDE/SIMETHICONE","Total",23,0
"RXDRGNAM","ind","ALBUTEROL","Total",1449,0
"RXDRGNAM","ind","ALBUTEROL-IPRATROPIUM","Total",157,0
"RXDRGNAM","ind","ALCLOMETASONE TOPICAL","Total",5,0
"RXDRGNAM","ind","ALENDRONATE","Total",409,0
"RXDRGNAM","ind","ALENDRONATE-CHOLECALCIFEROL","Total",31,0
"RXDRGNAM","ind","ALFUZOSIN","Total",21,0
"RXDRGNAM","ind","ALLOPURINOL","Total",168,0
"RXDRGNAM","ind","ALMOTRIPTAN","Total",9,0
"RXDRGNAM","ind","ALOE VERA","Total",1,0
"RXDRGNAM","ind","ALOH/DIPHENHYD/LIDOCAINE/MGOH/SIMETH TOPICAL","Total",1,0
"RXDRGNAM","ind","ALPRAZOLAM","Total",372,0
"RXDRGNAM","ind","ALPROSTADIL","Total",1,0
"RXDRGNAM","ind","ALUMINUM CHLORIDE HEXAHYDRATE TOPICAL","Total",10,0
"RXDRGNAM","ind","ALUMINUM HYDROXIDE-MAGNESIUM HYDROXIDE","Total",6,0
"RXDRGNAM","ind","ALUMINUM SULFATE-CALCIUM ACETATE TOPICAL","Total",3,0
"RXDRGNAM","ind","AMANTADINE","Total",19,0
"RXDRGNAM","ind","AMCINONIDE TOPICAL","Total",1,0
"RXDRGNAM","ind","AMILORIDE-HYDROCHLOROTHIAZIDE","Total",4,0
"RXDRGNAM","ind","AMINO ACIDS-UREA TOPICAL","Total",4,0
"RXDRGNAM","ind","AMIODARONE","Total",56,0
"RXDRGNAM","ind","AMITRIPTYLINE","Total",255,0
"RXDRGNAM","ind","AMITRIPTYLINE-CHLORDIAZEPOXIDE","Total",7,0
"RXDRGNAM","ind","AMITRIPTYLINE-PERPHENAZINE","Total",6,0
"RXDRGNAM","ind","AMLODIPINE","Total",632,0
"RXDRGNAM","ind","AMLODIPINE-ATORVASTATIN","Total",54,0
"RXDRGNAM","ind","AMLODIPINE-BENAZEPRIL","Total",268,0
"RXDRGNAM","ind","AMMONIUM LACTATE TOPICAL","Total",19,0
"RXDRGNAM","ind","AMOXAPINE","Total",1,0
"RXDRGNAM","ind","AMOXICILLIN","Total",2336,0
"RXDRGNAM","ind","AMOXICILLIN-CLAVULANATE","Total",453,0
"RXDRGNAM","ind","AMOXICILLIN/CLARITHROMYCIN/LANSOPRAZOLE","Total",17,0
"RXDRGNAM","ind","AMPHETAMINE-DEXTROAMPHETAMINE","Total",152,0
"RXDRGNAM","ind","AMPICILLIN","Total",47,0
"RXDRGNAM","ind","ANAKINRA","Total",1,0
"RXDRGNAM","ind","ANASTROZOLE","Total",35,0
"RXDRGNAM","ind","ANTIPYRINE-BENZOCAINE OTIC","Total",46,0
"RXDRGNAM","ind","APAP/BUTALBITAL/CAFFEINE","Total",68,0
"RXDRGNAM","ind","APAP/BUTALBITAL/CAFFEINE/CODEINE","Total",4,0
"RXDRGNAM","ind","APAP/CAFFEINE/DIHYDROCODEINE","Total",3,0
"RXDRGNAM","ind","APAP/CAFFEINE/PHENYLTOLOXAMINE/SALICYLAMIDE","Total",1,0
"RXDRGNAM","ind","APAP/CHLORPHENIRAMINE/PE/PHENYLTOLOXAMINE","Total",1,0
"RXDRGNAM","ind","APAP/DEXTROMETHORPHAN/GUAIFENESIN/PSE","Total",10,0
"RXDRGNAM","ind","APAP/DICHLORALPHENAZONE/ISOMETHEPTENE","Total",55,0
"RXDRGNAM","ind","APAP/PHENYLTOLOXAMINE/SALICYLAMIDE","Total",9,0
"RXDRGNAM","ind","APREPITANT","Total",5,0
"RXDRGNAM","ind","ARGININE","Total",8,0
"RXDRGNAM","ind","ARIPIPRAZOLE","Total",52,0
"RXDRGNAM","ind","ASA/BUTALBITAL/CAFFEINE","Total",14,0
"RXDRGNAM","ind","ASA/BUTALBITAL/CAFFEINE/CODEINE","Total",8,0
"RXDRGNAM","ind","ASA/CAFFEINE/ORPHENADRINE","Total",3,0
"RXDRGNAM","ind","ASCORBIC ACID","Total",16,0
"RXDRGNAM","ind","ASCORBIC ACID-IRON POLYSACCHARIDE","Total",7,0
"RXDRGNAM","ind","ASPIRIN","Total",349,0
"RXDRGNAM","ind","ASPIRIN-DIPYRIDAMOLE","Total",21,0
"RXDRGNAM","ind","ASPIRIN-OXYCODONE","Total",5,0
"RXDRGNAM","ind","ATAZANAVIR","Total",8,0
"RXDRGNAM","ind","ATENOLOL","Total",852,0
"RXDRGNAM","ind","ATENOLOL-CHLORTHALIDONE","Total",42,0
"RXDRGNAM","ind","ATOMOXETINE","Total",65,0
"RXDRGNAM","ind","ATORVASTATIN","Total",1423,0
"RXDRGNAM","ind","ATOVAQUONE-PROGUANIL","Total",9,0
"RXDRGNAM","ind","ATROPINE-DIPHENOXYLATE","Total",57,0
"RXDRGNAM","ind","ATROPINE OPHTHALMIC","Total",14,0
"RXDRGNAM","ind","ATROPINE/CPM/HYOSCYAMINE/PE/PPA/SCOPOLAMINE","Total",3,0
"RXDRGNAM","ind","ATROPINE/CPM/HYOSCYAMINE/PE/SCOPOLAMINE","Total",2,0
"RXDRGNAM","ind","ATROPINE/HYOSCYAMINE/PB/SCOPOLAMINE","Total",31,0
"RXDRGNAM","ind","AZATHIOPRINE","Total",23,0
"RXDRGNAM","ind","AZELAIC ACID TOPICAL","Total",8,0
"RXDRGNAM","ind","AZELASTINE NASAL","Total",74,0
"RXDRGNAM","ind","AZELASTINE OPHTHALMIC","Total",18,0
"RXDRGNAM","ind","AZITHROMYCIN","Total",2117,0
"RXDRGNAM","ind","BACITRACIN-POLYMYXIN B OPHTHALMIC","Total",3,0
"RXDRGNAM","ind","BACITRACIN-POLYMYXIN B TOPICAL","Total",104,0
"RXDRGNAM","ind","BACITRACIN OPHTHALMIC","Total",10,0
"RXDRGNAM","ind","BACITRACIN TOPICAL","Total",20,0
"RXDRGNAM","ind","BACITRACIN/HC/NEOMYCIN/POLYMYXIN B OPHTHALMIC","Total",3,0
"RXDRGNAM","ind","BACITRACIN/HC/NEOMYCIN/POLYMYXIN B TOPICAL","Total",3,0
"RXDRGNAM","ind","BACITRACIN/LIDOCAINE/NEOMYCIN/POLYMYXIN B TOP","Total",6,0
"RXDRGNAM","ind","BACITRACIN/NEOMYCIN/POLYMYXIN B OPHTHALMIC","Total",1,0
"RXDRGNAM","ind","BACITRACIN/NEOMYCIN/POLYMYXIN B TOPICAL","Total",16,0
"RXDRGNAM","ind","BACLOFEN","Total",62,0
"RXDRGNAM","ind","BALSALAZIDE","Total",8,0
"RXDRGNAM","ind","BALSAM PERU/CASTOR OIL/TRYPSIN TOPICAL","Total",2,0
"RXDRGNAM","ind","BECAPLERMIN TOPICAL","Total",1,0
"RXDRGNAM","ind","BECLOMETHASONE","Total",63,0
"RXDRGNAM","ind","BECLOMETHASONE NASAL","Total",11,0
"RXDRGNAM","ind","BELLADONNA-OPIUM","Total",2,0
"RXDRGNAM","ind","BELLADONNA/ERGOTAMINE/PHENOBARBITAL","Total",3,0
"RXDRGNAM","ind","BENAZEPRIL","Total",132,0
"RXDRGNAM","ind","BENAZEPRIL-HYDROCHLOROTHIAZIDE","Total",26,0
"RXDRGNAM","ind","BENZOCAINE-TRIMETHOBENZAMIDE","Total",13,0
"RXDRGNAM","ind","BENZONATATE","Total",100,0
"RXDRGNAM","ind","BENZOYL PEROXIDE-CLINDAMYCIN TOPICAL","Total",74,0
"RXDRGNAM","ind","BENZOYL PEROXIDE-ERYTHROMYCIN TOPICAL","Total",11,0
"RXDRGNAM","ind","BENZOYL PEROXIDE-UREA TOPICAL","Total",7,0
"RXDRGNAM","ind","BENZOYL PEROXIDE TOPICAL","Total",33,0
"RXDRGNAM","ind","BENZTROPINE","Total",28,0
"RXDRGNAM","ind","BETA-CAROTENE","Total",2,0
"RXDRGNAM","ind","BETAMETHASONE","Total",1,0
"RXDRGNAM","ind","BETAMETHASONE-CALCIPOTRIENE TOPICAL","Total",3,0
"RXDRGNAM","ind","BETAMETHASONE-CLOTRIMAZOLE TOPICAL","Total",51,0
"RXDRGNAM","ind","BETAMETHASONE TOPICAL","Total",51,0
"RXDRGNAM","ind","BETAXOLOL","Total",2,0
"RXDRGNAM","ind","BETAXOLOL OPHTHALMIC","Total",14,0
"RXDRGNAM","ind","BETHANECHOL","Total",5,0
"RXDRGNAM","ind","BICALUTAMIDE","Total",8,0
"RXDRGNAM","ind","BIMATOPROST OPHTHALMIC","Total",55,0
"RXDRGNAM","ind","BIOTIN","Total",3,0
"RXDRGNAM","ind","BISACODYL","Total",34,0
"RXDRGNAM","ind","BISACODYL-PEG 3350 WITH ELECTROLYTES","Total",19,0
"RXDRGNAM","ind","BISMUTH SUBSALICYLATE","Total",6,0
"RXDRGNAM","ind","BISMUTH SUBSALICYLATE/METRONIDAZOLE/TCN","Total",2,0
"RXDRGNAM","ind","BISOPROLOL","Total",17,0
"RXDRGNAM","ind","BISOPROLOL-HYDROCHLOROTHIAZIDE","Total",157,0
"RXDRGNAM","ind","BRIMONIDINE OPHTHALMIC","Total",85,0
"RXDRGNAM","ind","BRINZOLAMIDE OPHTHALMIC","Total",19,0
"RXDRGNAM","ind","BROMFENAC OPHTHALMIC","Total",5,0
"RXDRGNAM","ind","BROMOCRIPTINE","Total",9,0
"RXDRGNAM","ind","BROMPHENIRAMINE","Total",23,0
"RXDRGNAM","ind","BROMPHENIRAMINE-PHENYLEPHRINE","Total",6,0
"RXDRGNAM","ind","BROMPHENIRAMINE-PSEUDOEPHEDRINE","Total",44,0
"RXDRGNAM","ind","BROMPHENIRAMINE/DEXTROMETHORPH/PHENYLEPHRINE","Total",7,0
"RXDRGNAM","ind","BROMPHENIRAMINE/DEXTROMETHORPHAN/PSE","Total",113,0
"RXDRGNAM","ind","BROMPHENIRAMINE/DM/GUAIFENESIN/PSE","Total",1,0
"RXDRGNAM","ind","BROMPHENIRAMINE/HYDROCODONE/PHENYLEPHRINE","Total",4,0
"RXDRGNAM","ind","BROMPHENIRAMINE/HYDROCODONE/PSEUDOEPHEDRINE","Total",1,0
"RXDRGNAM","ind","BUDESONIDE","Total",149,0
"RXDRGNAM","ind","BUDESONIDE NASAL","Total",114,0
"RXDRGNAM","ind","BUMETANIDE","Total",34,0
"RXDRGNAM","ind","BUPIVACAINE","Total",1,0
"RXDRGNAM","ind","BUPROPION","Total",364,0
"RXDRGNAM","ind","BUSPIRONE","Total",62,0
"RXDRGNAM","ind","BUTABARBITAL/HYOSCYAMINE/PHENAZOPYRIDINE","Total",1,0
"RXDRGNAM","ind","BUTENAFINE TOPICAL","Total",1,0
"RXDRGNAM","ind","BUTOCONAZOLE TOPICAL","Total",9,0
"RXDRGNAM","ind","BUTORPHANOL","Total",4,0
"RXDRGNAM","ind","CABERGOLINE","Total",10,0
"RXDRGNAM","ind","CADEXOMER IODINE TOPICAL","Total",1,0
"RXDRGNAM","ind","CAFFEINE","Total",2,0
"RXDRGNAM","ind","CALAMINE TOPICAL","Total",7,0
"RXDRGNAM","ind","CALCIPOTRIENE TOPICAL","Total",16,0
"RXDRGNAM","ind","CALCITONIN","Total",34,0
"RXDRGNAM","ind","CALCITRIOL","Total",17,0
"RXDRGNAM","ind","CALCIUM-VITAMIN D","Total",70,0
"RXDRGNAM","ind","CALCIUM ACETATE","Total",28,0
"RXDRGNAM","ind","CALCIUM CARBONATE","Total",91,0
"RXDRGNAM","ind","CALCIUM CARBONATE-RISEDRONATE","Total",2,0
"RXDRGNAM","ind","CALCIUM GLUCONATE","Total",1,0
"RXDRGNAM","ind","CALCIUM LACTATE","Total",1,0
"RXDRGNAM","ind","CAMPHOR-MENTHOL TOPICAL","Total",1,0
"RXDRGNAM","ind","CANDESARTAN","Total",43,0
"RXDRGNAM","ind","CANDESARTAN-HYDROCHLOROTHIAZIDE","Total",23,0
"RXDRGNAM","ind","CAPECITABINE","Total",4,0
"RXDRGNAM","ind","CAPSAICIN TOPICAL","Total",5,0
"RXDRGNAM","ind","CAPTOPRIL","Total",65,0
"RXDRGNAM","ind","CAPTOPRIL-HYDROCHLOROTHIAZIDE","Total",4,0
"RXDRGNAM","ind","CARBACHOL OPHTHALMIC","Total",2,0
"RXDRGNAM","ind","CARBAMAZEPINE","Total",87,0
"RXDRGNAM","ind","CARBAMIDE PEROXIDE OTIC","Total",83,0
"RXDRGNAM","ind","CARBETAPENTANE-CHLORPHENIRAMINE","Total",8,0
"RXDRGNAM","ind","CARBETAPENTANE-DIPHENHYDRAMINE","Total",1,0
"RXDRGNAM","ind","CARBETAPENTANE-GUAIFENESIN","Total",9,0
"RXDRGNAM","ind","CARBETAPENTANE-PHENYLEPHRINE","Total",5,0
"RXDRGNAM","ind","CARBETAPENTANE-PSEUDOEPHEDRINE","Total",14,0
"RXDRGNAM","ind","CARBETAPENTANE/CPM/EPHEDRINE/PHENYLEPHRINE","Total",7,0
"RXDRGNAM","ind","CARBETAPENTANE/DIPHENHYDRAMINE/PHENYLEPHRINE","Total",6,0
"RXDRGNAM","ind","CARBETAPENTANE/PHENYLEPHRINE/PYRILAMINE","Total",7,0
"RXDRGNAM","ind","CARBIDOPA-LEVODOPA","Total",51,0
"RXDRGNAM","ind","CARBIDOPA/ENTACAPONE/LEVODOPA","Total",5,0
"RXDRGNAM","ind","CARBINOXAMINE","Total",15,0
"RXDRGNAM","ind","CARBINOXAMINE-PSEUDOEPHEDRINE","Total",15,0
"RXDRGNAM","ind","CARBINOXAMINE/DEXTROMETHORPHAN/PHENYLEPHRINE","Total",6,0
"RXDRGNAM","ind","CARBINOXAMINE/DEXTROMETHORPHAN/PSE","Total",54,0
"RXDRGNAM","ind","CARBINOXAMINE/HYDROCODONE/PSEUDOEPHEDRINE","Total",3,0
"RXDRGNAM","ind","CARBINOXAMINE/METHSCOPOLAMINE/PSEUDOEPHEDRINE","Total",1,0
"RXDRGNAM","ind","CARBONYL IRON","Total",24,0
"RXDRGNAM","ind","CARISOPRODOL","Total",124,0
"RXDRGNAM","ind","CARVEDILOL","Total",194,0
"RXDRGNAM","ind","CEFACLOR","Total",26,0
"RXDRGNAM","ind","CEFADROXIL","Total",28,0
"RXDRGNAM","ind","CEFAZOLIN","Total",3,0
"RXDRGNAM","ind","CEFDINIR","Total",265,0
"RXDRGNAM","ind","CEFDITOREN","Total",2,0
"RXDRGNAM","ind","CEFIXIME","Total",3,0
"RXDRGNAM","ind","CEFPODOXIME","Total",3,0
"RXDRGNAM","ind","CEFPROZIL","Total",50,0
"RXDRGNAM","ind","CEFTIBUTEN","Total",2,0
"RXDRGNAM","ind","CEFTRIAXONE","Total",14,0
"RXDRGNAM","ind","CEFUROXIME","Total",65,0
"RXDRGNAM","ind","CELECOXIB","Total",284,0
"RXDRGNAM","ind","CEPHALEXIN","Total",604,0
"RXDRGNAM","ind","CETIRIZINE","Total",525,0
"RXDRGNAM","ind","CETIRIZINE-PSEUDOEPHEDRINE","Total",65,0
"RXDRGNAM","ind","CETYLPYRIDINIUM TOPICAL","Total",3,0
"RXDRGNAM","ind","CEVIMELINE","Total",4,0
"RXDRGNAM","ind","CHARCOAL","Total",8,0
"RXDRGNAM","ind","CHLORAL HYDRATE","Total",1,0
"RXDRGNAM","ind","CHLORDIAZEPOXIDE","Total",11,0
"RXDRGNAM","ind","CHLORDIAZEPOXIDE-CLIDINIUM","Total",11,0
"RXDRGNAM","ind","CHLORHEXIDINE TOPICAL","Total",66,0
"RXDRGNAM","ind","CHLOROPHYLLIN COPPER COM/PAPAIN/UREA TOPICAL","Total",2,0
"RXDRGNAM","ind","CHLOROQUINE","Total",6,0
"RXDRGNAM","ind","CHLOROTHIAZIDE","Total",1,0
"RXDRGNAM","ind","CHLOROXYLENOL/HYDROCORTISONE/PRAMOXINE OTIC","Total",13,0
"RXDRGNAM","ind","CHLORPHENIRAMINE","Total",17,0
"RXDRGNAM","ind","CHLORPHENIRAMINE-DEXTROMETHORPHAN","Total",1,0
"RXDRGNAM","ind","CHLORPHENIRAMINE-HYDROCODONE","Total",54,0
"RXDRGNAM","ind","CHLORPHENIRAMINE-PHENYLEPHRINE","Total",52,0
"RXDRGNAM","ind","CHLORPHENIRAMINE-PSEUDOEPHEDRINE","Total",50,0
"RXDRGNAM","ind","CHLORPHENIRAMINE/CODEINE/PSEUDOEPHEDRINE","Total",2,0
"RXDRGNAM","ind","CHLORPHENIRAMINE/DEXTROMETHORP/PHENYLEPHRINE","Total",56,0
"RXDRGNAM","ind","CHLORPHENIRAMINE/DEXTROMETHORPHAN/PSE","Total",25,0
"RXDRGNAM","ind","CHLORPHENIRAMINE/DIHYDROCODEINE/PHENYLEPHRINE","Total",5,0
"RXDRGNAM","ind","CHLORPHENIRAMINE/DIHYDROCODEINE/PSE","Total",1,0
"RXDRGNAM","ind","CHLORPHENIRAMINE/DM/GUAIFENESIN/PHENYLEPHRINE","Total",3,0
"RXDRGNAM","ind","CHLORPHENIRAMINE/DM/METHSCOPOLAMINE","Total",1,0
"RXDRGNAM","ind","CHLORPHENIRAMINE/GUAIFENESIN/PHENYLEPHRINE","Total",4,0
"RXDRGNAM","ind","CHLORPHENIRAMINE/HYDROCODONE/PHENYLEPHRINE","Total",57,0
"RXDRGNAM","ind","CHLORPHENIRAMINE/HYDROCODONE/PSE","Total",5,0
"RXDRGNAM","ind","CHLORPHENIRAMINE/METHSCOPOLAMINE/PE","Total",27,0
"RXDRGNAM","ind","CHLORPHENIRAMINE/METHSCOPOLAMINE/PSE","Total",17,0
"RXDRGNAM","ind","CHLORPHENIRAMINE/PE/PHENYLTOLOXAMINE","Total",5,0
"RXDRGNAM","ind","CHLORPHENIRAMINE/PHENYLEPHRINE/PYRILAMINE","Total",13,0
"RXDRGNAM","ind","CHLORPROMAZINE","Total",5,0
"RXDRGNAM","ind","CHLORTHALIDONE","Total",19,0
"RXDRGNAM","ind","CHLORTHALIDONE-CLONIDINE","Total",1,0
"RXDRGNAM","ind","CHLORZOXAZONE","Total",26,0
"RXDRGNAM","ind","CHOLECALCIFEROL","Total",1,0
"RXDRGNAM","ind","CHOLESTYRAMINE","Total",15,0
"RXDRGNAM","ind","CHOLINE SALICYLATE-MAGNESIUM SALICYLATE","Total",5,0
"RXDRGNAM","ind","CHORIONIC GONADOTROPIN (HCG)","Total",6,0
"RXDRGNAM","ind","CICLOPIROX TOPICAL","Total",35,0
"RXDRGNAM","ind","CILOSTAZOL","Total",29,0
"RXDRGNAM","ind","CIMETIDINE","Total",45,0
"RXDRGNAM","ind","CIPROFLOXACIN","Total",422,0
"RXDRGNAM","ind","CIPROFLOXACIN-DEXAMETHASONE OTIC","Total",57,0
"RXDRGNAM","ind","CIPROFLOXACIN-HYDROCORTISONE OTIC","Total",21,0
"RXDRGNAM","ind","CIPROFLOXACIN OPHTHALMIC","Total",26,0
"RXDRGNAM","ind","CITALOPRAM","Total",239,0
"RXDRGNAM","ind","CITRIC ACID-SODIUM CITRATE","Total",1,0
"RXDRGNAM","ind","CLARITHROMYCIN","Total",145,0
"RXDRGNAM","ind","CLEMASTINE","Total",13,0
"RXDRGNAM","ind","CLINDAMYCIN","Total",178,0
"RXDRGNAM","ind","CLINDAMYCIN TOPICAL","Total",51,0
"RXDRGNAM","ind","CLIOQUINOL-HYDROCORTISONE TOPICAL","Total",1,0
"RXDRGNAM","ind","CLOBETASOL TOPICAL","Total",85,0
"RXDRGNAM","ind","CLOCORTOLONE TOPICAL","Total",2,0
"RXDRGNAM","ind","CLOMIPHENE","Total",18,0
"RXDRGNAM","ind","CLOMIPRAMINE","Total",4,0
"RXDRGNAM","ind","CLONAZEPAM","Total",199,0
"RXDRGNAM","ind","CLONIDINE","Total",213,0
"RXDRGNAM","ind","CLOPIDOGREL","Total",432,0
"RXDRGNAM","ind","CLORAZEPATE","Total",14,0
"RXDRGNAM","ind","CLOTRIMAZOLE","Total",12,0
"RXDRGNAM","ind","CLOTRIMAZOLE TOPICAL","Total",61,0
"RXDRGNAM","ind","CLOZAPINE","Total",3,0
"RXDRGNAM","ind","CODEINE","Total",25,0
"RXDRGNAM","ind","CODEINE-GUAIFENESIN","Total",128,0
"RXDRGNAM","ind","CODEINE-PROMETHAZINE","Total",81,0
"RXDRGNAM","ind","CODEINE/GUAIFENESIN/PSE","Total",14,0
"RXDRGNAM","ind","CODEINE/PHENYLEPHRINE/PROMETHAZINE","Total",12,0
"RXDRGNAM","ind","COLCHICINE","Total",72,0
"RXDRGNAM","ind","COLCHICINE-PROBENECID","Total",3,0
"RXDRGNAM","ind","COLESEVELAM","Total",19,0
"RXDRGNAM","ind","COLESTIPOL","Total",10,0
"RXDRGNAM","ind","COLISTIN/HC/NEOMYCIN/THONZONIUM OTIC","Total",1,0
"RXDRGNAM","ind","CONJUGATED ESTROGENS","Total",259,0
"RXDRGNAM","ind","CONJUGATED ESTROGENS-MEDROXYPROGESTERONE","Total",81,0
"RXDRGNAM","ind","CONJUGATED ESTROGENS TOPICAL","Total",36,0
"RXDRGNAM","ind","CORTISONE","Total",16,0
"RXDRGNAM","ind","CROMOLYN","Total",8,0
"RXDRGNAM","ind","CROMOLYN NASAL","Total",2,0
"RXDRGNAM","ind","CROMOLYN OPHTHALMIC","Total",5,0
"RXDRGNAM","ind","CROTAMITON TOPICAL","Total",3,0
"RXDRGNAM","ind","CYANOCOBALAMIN","Total",40,0
"RXDRGNAM","ind","CYCLOBENZAPRINE","Total",517,0
"RXDRGNAM","ind","CYCLOPENTOLATE OPHTHALMIC","Total",3,0
"RXDRGNAM","ind","CYCLOSPORINE","Total",5,0
"RXDRGNAM","ind","CYCLOSPORINE OPHTHALMIC","Total",41,0
"RXDRGNAM","ind","CYPROHEPTADINE","Total",21,0
"RXDRGNAM","ind","DALTEPARIN","Total",1,0
"RXDRGNAM","ind","DANTROLENE","Total",4,0
"RXDRGNAM","ind","DARBEPOETIN ALFA","Total",6,0
"RXDRGNAM","ind","DARIFENACIN","Total",23,0
"RXDRGNAM","ind","DEMECLOCYCLINE","Total",2,0
"RXDRGNAM","ind","DESIPRAMINE","Total",5,0
"RXDRGNAM","ind","DESLORATADINE","Total",101,0
"RXDRGNAM","ind","DESLORATADINE-PSEUDOEPHEDRINE","Total",9,0
"RXDRGNAM","ind","DESMOPRESSIN","Total",24,0
"RXDRGNAM","ind","DESOGESTREL-ETHINYL ESTRADIOL","Total",131,0
"RXDRGNAM","ind","DESONIDE TOPICAL","Total",32,0
"RXDRGNAM","ind","DESOXIMETASONE TOPICAL","Total",26,0
"RXDRGNAM","ind","DEXAMETHASONE","Total",65,0
"RXDRGNAM","ind","DEXAMETHASONE-NEOMYCIN OPHTHALMIC","Total",1,0
"RXDRGNAM","ind","DEXAMETHASONE-TOBRAMYCIN OPHTHALMIC","Total",60,0
"RXDRGNAM","ind","DEXAMETHASONE OPHTHALMIC","Total",8,0
"RXDRGNAM","ind","DEXAMETHASONE/NEOMYCIN/POLYMYXIN B OPHTHALMIC","Total",13,0
"RXDRGNAM","ind","DEXCHLORPHENIRAMINE","Total",1,0
"RXDRGNAM","ind","DEXCHLORPHENIRAMINE-PSEUDOEPHEDRINE","Total",2,0
"RXDRGNAM","ind","DEXCHLORPHENIRAMINE/DEXTROMETHO/PE/PYRILAMINE","Total",2,0
"RXDRGNAM","ind","DEXCHLORPHENIRAMINE/DEXTROMETHORPHAN/PE","Total",3,0
"RXDRGNAM","ind","DEXCHLORPHENIRAMINE/DEXTROMETHORPHAN/PSE","Total",12,0
"RXDRGNAM","ind","DEXCHLORPHENIRAMINE/METHSCOPOLAMINE/PSE","Total",1,0
"RXDRGNAM","ind","DEXMETHYLPHENIDATE","Total",35,0
"RXDRGNAM","ind","DEXTROAMPHETAMINE","Total",10,0
"RXDRGNAM","ind","DEXTROMETHORPHAN","Total",5,0
"RXDRGNAM","ind","DEXTROMETHORPHAN-GUAIFENESIN","Total",64,0
"RXDRGNAM","ind","DEXTROMETHORPHAN-POTASSIUM GUAIACOLSULFONATE","Total",3,0
"RXDRGNAM","ind","DEXTROMETHORPHAN-PROMETHAZINE","Total",63,0
"RXDRGNAM","ind","DEXTROMETHORPHAN-PSEUDOEPHEDRINE","Total",10,0
"RXDRGNAM","ind","DEXTROMETHORPHAN/GUAIFENESIN/PHENYLEPHRINE","Total",16,0
"RXDRGNAM","ind","DEXTROMETHORPHAN/GUAIFENESIN/PSEUDOEPHEDRINE","Total",54,0
"RXDRGNAM","ind","DEXTROMETHORPHAN/PHENYLEPHRINE/PYRILAMINE","Total",12,0
"RXDRGNAM","ind","DIAZEPAM","Total",174,0
"RXDRGNAM","ind","DICLOFENAC","Total",171,0
"RXDRGNAM","ind","DICLOFENAC-MISOPROSTOL","Total",37,0
"RXDRGNAM","ind","DICLOFENAC OPHTHALMIC","Total",14,0
"RXDRGNAM","ind","DICLOFENAC TOPICAL","Total",3,0
"RXDRGNAM","ind","DICLOXACILLIN","Total",24,0
"RXDRGNAM","ind","DICYCLOMINE","Total",80,0
"RXDRGNAM","ind","DIDANOSINE","Total",4,0
"RXDRGNAM","ind","DIETHYLPROPION","Total",1,0
"RXDRGNAM","ind","DIFLORASONE TOPICAL","Total",8,0
"RXDRGNAM","ind","DIFLUNISAL","Total",4,0
"RXDRGNAM","ind","DIGOXIN","Total",253,0
"RXDRGNAM","ind","DIHYDROCODEINE/GUAIFENESIN/PSEUDOEPHEDRINE","Total",4,0
"RXDRGNAM","ind","DIHYDROERGOTAMINE","Total",4,0
"RXDRGNAM","ind","DILTIAZEM","Total",300,0
"RXDRGNAM","ind","DIMENHYDRINATE","Total",3,0
"RXDRGNAM","ind","DIPHENHYDRAMINE","Total",174,0
"RXDRGNAM","ind","DIPHENHYDRAMINE-PHENYLEPHRINE","Total",3,0
"RXDRGNAM","ind","DIPHENHYDRAMINE/HYDROCODONE/PHENYLEPHRINE","Total",15,0
"RXDRGNAM","ind","DIPHTHERIA-TETANUS TOXOIDS","Total",2,0
"RXDRGNAM","ind","DIPYRIDAMOLE","Total",10,0
"RXDRGNAM","ind","DISOPYRAMIDE","Total",4,0
"RXDRGNAM","ind","DISULFIRAM","Total",3,0
"RXDRGNAM","ind","DIVALPROEX SODIUM","Total",111,0
"RXDRGNAM","ind","DOCUSATE","Total",167,0
"RXDRGNAM","ind","DOCUSATE-SENNA","Total",18,0
"RXDRGNAM","ind","DOLASETRON","Total",2,0
"RXDRGNAM","ind","DONEPEZIL","Total",97,0
"RXDRGNAM","ind","DORZOLAMIDE-TIMOLOL OPHTHALMIC","Total",73,0
"RXDRGNAM","ind","DORZOLAMIDE OPHTHALMIC","Total",16,0
"RXDRGNAM","ind","DOXAZOSIN","Total",102,0
"RXDRGNAM","ind","DOXEPIN","Total",43,0
"RXDRGNAM","ind","DOXERCALCIFEROL","Total",6,0
"RXDRGNAM","ind","DOXYCYCLINE","Total",249,0
"RXDRGNAM","ind","DRONABINOL","Total",3,0
"RXDRGNAM","ind","DROSPIRENONE-ETHINYL ESTRADIOL","Total",112,0
"RXDRGNAM","ind","DULOXETINE","Total",142,0
"RXDRGNAM","ind","DUTASTERIDE","Total",38,0
"RXDRGNAM","ind","DYPHYLLINE","Total",2,0
"RXDRGNAM","ind","DYPHYLLINE-GUAIFENESIN","Total",7,0
"RXDRGNAM","ind","ECONAZOLE TOPICAL","Total",26,0
"RXDRGNAM","ind","EFAVIRENZ","Total",15,0
"RXDRGNAM","ind","EFAVIRENZ/EMTRICITABINE/TENOFOVIR","Total",2,0
"RXDRGNAM","ind","EFLORNITHINE TOPICAL","Total",3,0
"RXDRGNAM","ind","ELECTROLYTE REPLACEMENT SOLUTIONS, ORAL","Total",37,0
"RXDRGNAM","ind","ELETRIPTAN","Total",26,0
"RXDRGNAM","ind","EMOLLIENTS, TOPICAL","Total",72,0
"RXDRGNAM","ind","EMTRICITABINE-TENOFOVIR","Total",13,0
"RXDRGNAM","ind","ENALAPRIL","Total",316,0
"RXDRGNAM","ind","ENALAPRIL-FELODIPINE","Total",2,0
"RXDRGNAM","ind","ENALAPRIL-HYDROCHLOROTHIAZIDE","Total",16,0
"RXDRGNAM","ind","ENFUVIRTIDE","Total",2,0
"RXDRGNAM","ind","ENOXAPARIN","Total",31,0
"RXDRGNAM","ind","ENTACAPONE","Total",2,0
"RXDRGNAM","ind","ENTECAVIR","Total",1,0
"RXDRGNAM","ind","EPHEDRINE-GUAIFENESIN","Total",1,0
"RXDRGNAM","ind","EPINASTINE OPHTHALMIC","Total",11,0
"RXDRGNAM","ind","EPINEPHRINE","Total",41,0
"RXDRGNAM","ind","EPLERENONE","Total",2,0
"RXDRGNAM","ind","EPOETIN ALFA","Total",19,0
"RXDRGNAM","ind","EPROSARTAN","Total",8,0
"RXDRGNAM","ind","EPROSARTAN-HYDROCHLOROTHIAZIDE","Total",5,0
"RXDRGNAM","ind","ERGOCALCIFEROL","Total",22,0
"RXDRGNAM","ind","ERYTHROMYCIN","Total",161,0
"RXDRGNAM","ind","ERYTHROMYCIN-SULFISOXAZOLE","Total",3,0
"RXDRGNAM","ind","ERYTHROMYCIN OPHTHALMIC","Total",48,0
"RXDRGNAM","ind","ERYTHROMYCIN TOPICAL","Total",22,0
"RXDRGNAM","ind","ESCITALOPRAM","Total",466,0
"RXDRGNAM","ind","ESOMEPRAZOLE","Total",548,0
"RXDRGNAM","ind","ESTAZOLAM","Total",3,0
"RXDRGNAM","ind","ESTERIFIED ESTROGENS","Total",4,0
"RXDRGNAM","ind","ESTERIFIED ESTROGENS-METHYLTESTOSTERONE","Total",26,0
"RXDRGNAM","ind","ESTRADIOL","Total",179,0
"RXDRGNAM","ind","ESTRADIOL-LEVONORGESTREL","Total",2,0
"RXDRGNAM","ind","ESTRADIOL-NORETHINDRONE","Total",13,0
"RXDRGNAM","ind","ESTRADIOL-NORGESTIMATE","Total",1,0
"RXDRGNAM","ind","ESTRADIOL TOPICAL","Total",44,0
"RXDRGNAM","ind","ESTRIOL","Total",5,0
"RXDRGNAM","ind","ESTROPIPATE","Total",19,0
"RXDRGNAM","ind","ESZOPICLONE","Total",67,0
"RXDRGNAM","ind","ETANERCEPT","Total",15,0
"RXDRGNAM","ind","ETHACRYNIC ACID","Total",1,0
"RXDRGNAM","ind","ETHAMBUTOL","Total",4,0
"RXDRGNAM","ind","ETHINYL ESTRADIOL-ETHYNODIOL","Total",8,0
"RXDRGNAM","ind","ETHINYL ESTRADIOL-ETONOGESTREL","Total",59,0
"RXDRGNAM","ind","ETHINYL ESTRADIOL-LEVONORGESTREL","Total",143,0
"RXDRGNAM","ind","ETHINYL ESTRADIOL-NORELGESTROMIN","Total",68,0
"RXDRGNAM","ind","ETHINYL ESTRADIOL-NORETHINDRONE","Total",206,0
"RXDRGNAM","ind","ETHINYL ESTRADIOL-NORGESTIMATE","Total",287,0
"RXDRGNAM","ind","ETHINYL ESTRADIOL-NORGESTREL","Total",50,0
"RXDRGNAM","ind","ETODOLAC","Total",89,0
"RXDRGNAM","ind","EVENING PRIMROSE","Total",14,0
"RXDRGNAM","ind","EXENATIDE","Total",45,0
"RXDRGNAM","ind","EZETIMIBE","Total",245,0
"RXDRGNAM","ind","EZETIMIBE-SIMVASTATIN","Total",342,0
"RXDRGNAM","ind","FAMCICLOVIR","Total",23,0
"RXDRGNAM","ind","FAMOTIDINE","Total",133,0
"RXDRGNAM","ind","FELODIPINE","Total",114,0
"RXDRGNAM","ind","FENOFIBRATE","Total",209,0
"RXDRGNAM","ind","FENTANYL","Total",53,0
"RXDRGNAM","ind","FERROUS FUMARATE","Total",4,0
"RXDRGNAM","ind","FERROUS FUMARATE-FOLIC ACID","Total",3,0
"RXDRGNAM","ind","FERROUS FUMARATE/FA/IRON POLYSACCHARIDE","Total",3,0
"RXDRGNAM","ind","FERROUS GLUCONATE","Total",6,0
"RXDRGNAM","ind","FERROUS SULFATE","Total",213,0
"RXDRGNAM","ind","FEXOFENADINE","Total",395,0
"RXDRGNAM","ind","FEXOFENADINE-PSEUDOEPHEDRINE","Total",129,0
"RXDRGNAM","ind","FINASTERIDE","Total",59,0
"RXDRGNAM","ind","FLAVOXATE","Total",3,0
"RXDRGNAM","ind","FLECAINIDE","Total",13,0
"RXDRGNAM","ind","FLUCONAZOLE","Total",154,0
"RXDRGNAM","ind","FLUDROCORTISONE","Total",5,0
"RXDRGNAM","ind","FLUNISOLIDE","Total",26,0
"RXDRGNAM","ind","FLUNISOLIDE NASAL","Total",51,0
"RXDRGNAM","ind","FLUOCINOLONE OTIC","Total",2,0
"RXDRGNAM","ind","FLUOCINOLONE TOPICAL","Total",20,0
"RXDRGNAM","ind","FLUOCINOLONE/HYDROQUINONE/TRETINOIN TOPICAL","Total",4,0
"RXDRGNAM","ind","FLUOCINONIDE TOPICAL","Total",53,0
"RXDRGNAM","ind","FLUORIDE","Total",76,0
"RXDRGNAM","ind","FLUORIDE TOPICAL","Total",43,0
"RXDRGNAM","ind","FLUOROMETHOLONE OPHTHALMIC","Total",18,0
"RXDRGNAM","ind","FLUOROURACIL TOPICAL","Total",11,0
"RXDRGNAM","ind","FLUOXETINE","Total",380,0
"RXDRGNAM","ind","FLUOXETINE-OLANZAPINE","Total",5,0
"RXDRGNAM","ind","FLUPHENAZINE","Total",4,0
"RXDRGNAM","ind","FLURANDRENOLIDE TOPICAL","Total",3,0
"RXDRGNAM","ind","FLURAZEPAM","Total",6,0
"RXDRGNAM","ind","FLURBIPROFEN","Total",5,0
"RXDRGNAM","ind","FLURBIPROFEN OPHTHALMIC","Total",2,0
"RXDRGNAM","ind","FLUTAMIDE","Total",2,0
"RXDRGNAM","ind","FLUTICASONE","Total",167,0
"RXDRGNAM","ind","FLUTICASONE-SALMETEROL","Total",549,0
"RXDRGNAM","ind","FLUTICASONE NASAL","Total",397,0
"RXDRGNAM","ind","FLUTICASONE TOPICAL","Total",18,0
"RXDRGNAM","ind","FLUVASTATIN","Total",87,0
"RXDRGNAM","ind","FLUVOXAMINE","Total",8,0
"RXDRGNAM","ind","FOLIC ACID","Total",165,0
"RXDRGNAM","ind","FOLLICLE STIMULATING HORMONE","Total",4,0
"RXDRGNAM","ind","FORMOTEROL","Total",31,0
"RXDRGNAM","ind","FOSAMPRENAVIR","Total",4,0
"RXDRGNAM","ind","FOSFOMYCIN","Total",2,0
"RXDRGNAM","ind","FOSINOPRIL","Total",71,0
"RXDRGNAM","ind","FOSINOPRIL-HYDROCHLOROTHIAZIDE","Total",4,0
"RXDRGNAM","ind","FROVATRIPTAN","Total",5,0
"RXDRGNAM","ind","FUROSEMIDE","Total",766,0
"RXDRGNAM","ind","GABAPENTIN","Total",344,0
"RXDRGNAM","ind","GALANTAMINE","Total",12,0
"RXDRGNAM","ind","GANIRELIX","Total",1,0
"RXDRGNAM","ind","GATIFLOXACIN","Total",10,0
"RXDRGNAM","ind","GATIFLOXACIN OPHTHALMIC","Total",62,0
"RXDRGNAM","ind","GEMFIBROZIL","Total",147,0
"RXDRGNAM","ind","GEMIFLOXACIN","Total",4,0
"RXDRGNAM","ind","GENTAMICIN","Total",5,0
"RXDRGNAM","ind","GENTAMICIN OPHTHALMIC","Total",37,0
"RXDRGNAM","ind","GENTAMICIN TOPICAL","Total",11,0
"RXDRGNAM","ind","GLATIRAMER","Total",11,0
"RXDRGNAM","ind","GLIMEPIRIDE","Total",140,0
"RXDRGNAM","ind","GLIMEPIRIDE-ROSIGLITAZONE","Total",8,0
"RXDRGNAM","ind","GLIPIZIDE","Total",359,0
"RXDRGNAM","ind","GLIPIZIDE-METFORMIN","Total",6,0
"RXDRGNAM","ind","GLUCAGON","Total",4,0
"RXDRGNAM","ind","GLUCOSE","Total",15,0
"RXDRGNAM","ind","GLYBURIDE","Total",320,0
"RXDRGNAM","ind","GLYBURIDE-METFORMIN","Total",123,0
"RXDRGNAM","ind","GLYCERIN","Total",5,0
"RXDRGNAM","ind","GLYCERIN-WITCH HAZEL TOPICAL","Total",2,0
"RXDRGNAM","ind","GLYCOPYRROLATE","Total",4,0
"RXDRGNAM","ind","GOSERELIN","Total",1,0
"RXDRGNAM","ind","GRAMICIDIN/NEOMYCIN/POLYMYXIN B OPHTHALMIC","Total",6,0
"RXDRGNAM","ind","GRANISETRON","Total",5,0
"RXDRGNAM","ind","GRISEOFULVIN","Total",24,0
"RXDRGNAM","ind","GUAIFENESIN","Total",231,0
"RXDRGNAM","ind","GUAIFENESIN-HYDROCODONE","Total",57,0
"RXDRGNAM","ind","GUAIFENESIN-PHENYLEPHRINE","Total",58,0
"RXDRGNAM","ind","GUAIFENESIN-POTASSIUM GUAIACOLSULFONATE","Total",3,0
"RXDRGNAM","ind","GUAIFENESIN-PSEUDOEPHEDRINE","Total",146,0
"RXDRGNAM","ind","GUAIFENESIN-THEOPHYLLINE","Total",2,0
"RXDRGNAM","ind","GUAIFENESIN/HYDROCODONE/PHENYLEPHRINE","Total",4,0
"RXDRGNAM","ind","GUAIFENESIN/HYDROCODONE/PSEUDOEPHEDRINE","Total",5,0
"RXDRGNAM","ind","GUANFACINE","Total",15,0
"RXDRGNAM","ind","HALCINONIDE TOPICAL","Total",1,0
"RXDRGNAM","ind","HALOBETASOL TOPICAL","Total",17,0
"RXDRGNAM","ind","HALOPERIDOL","Total",23,0
"RXDRGNAM","ind","HEPARIN","Total",3,0
"RXDRGNAM","ind","HEPATITIS B VACCINE","Total",1,0
"RXDRGNAM","ind","HEXACHLOROPHENE TOPICAL","Total",5,0
"RXDRGNAM","ind","HOMATROPINE-HYDROCODONE","Total",203,0
"RXDRGNAM","ind","HOMATROPINE OPHTHALMIC","Total",4,0
"RXDRGNAM","ind","HYDRALAZINE","Total",44,0
"RXDRGNAM","ind","HYDROCHLOROTHIAZIDE","Total",999,0
"RXDRGNAM","ind","HYDROCHLOROTHIAZIDE-IRBESARTAN","Total",92,0
"RXDRGNAM","ind","HYDROCHLOROTHIAZIDE-LISINOPRIL","Total",272,0
"RXDRGNAM","ind","HYDROCHLOROTHIAZIDE-LOSARTAN","Total",115,0
"RXDRGNAM","ind","HYDROCHLOROTHIAZIDE-METOPROLOL","Total",35,0
"RXDRGNAM","ind","HYDROCHLOROTHIAZIDE-MOEXIPRIL","Total",19,0
"RXDRGNAM","ind","HYDROCHLOROTHIAZIDE-OLMESARTAN","Total",86,0
"RXDRGNAM","ind","HYDROCHLOROTHIAZIDE-QUINAPRIL","Total",14,0
"RXDRGNAM","ind","HYDROCHLOROTHIAZIDE-SPIRONOLACTONE","Total",14,0
"RXDRGNAM","ind","HYDROCHLOROTHIAZIDE-TELMISARTAN","Total",20,0
"RXDRGNAM","ind","HYDROCHLOROTHIAZIDE-TRIAMTERENE","Total",403,0
"RXDRGNAM","ind","HYDROCHLOROTHIAZIDE-VALSARTAN","Total",170,0
"RXDRGNAM","ind","HYDROCODONE","Total",1,0
"RXDRGNAM","ind","HYDROCODONE-IBUPROFEN","Total",25,0
"RXDRGNAM","ind","HYDROCODONE-PHENYLEPHRINE","Total",4,0
"RXDRGNAM","ind","HYDROCODONE-POTASSIUM GUAIACOLSULFONATE","Total",6,0
"RXDRGNAM","ind","HYDROCODONE-PSEUDOEPHEDRINE","Total",4,0
"RXDRGNAM","ind","HYDROCODONE/PHENYLEPHRINE/PYRILAMINE","Total",5,0
"RXDRGNAM","ind","HYDROCODONE/PSEUDOEPHEDRINE/TRIPROLIDINE","Total",1,0
"RXDRGNAM","ind","HYDROCORTISONE","Total",33,0
"RXDRGNAM","ind","HYDROCORTISONE-IODOQUINOL TOPICAL","Total",1,0
"RXDRGNAM","ind","HYDROCORTISONE-LIDOCAINE TOPICAL","Total",10,0
"RXDRGNAM","ind","HYDROCORTISONE-PRAMOXINE TOPICAL","Total",15,0
"RXDRGNAM","ind","HYDROCORTISONE TOPICAL","Total",254,0
"RXDRGNAM","ind","HYDROCORTISONE/NEOMYCIN/POLYMYXIN B OPHTH","Total",13,0
"RXDRGNAM","ind","HYDROCORTISONE/NEOMYCIN/POLYMYXIN B OTIC","Total",77,0
"RXDRGNAM","ind","HYDROMORPHONE","Total",25,0
"RXDRGNAM","ind","HYDROQUINONE TOPICAL","Total",9,0
"RXDRGNAM","ind","HYDROXYCHLOROQUINE","Total",58,0
"RXDRGNAM","ind","HYDROXYZINE","Total",220,0
"RXDRGNAM","ind","HYOSCYAMINE","Total",70,0
"RXDRGNAM","ind","HYOSCYAMINE/METHENAM/M-BLUE/PHENYL SALICYL","Total",22,0
"RXDRGNAM","ind","IBANDRONATE","Total",58,0
"RXDRGNAM","ind","IBUPROFEN","Total",1398,0
"RXDRGNAM","ind","IBUPROFEN-OXYCODONE","Total",3,0
"RXDRGNAM","ind","IMIPRAMINE","Total",28,0
"RXDRGNAM","ind","IMIQUIMOD TOPICAL","Total",31,0
"RXDRGNAM","ind","INDAPAMIDE","Total",29,0
"RXDRGNAM","ind","INDINAVIR","Total",1,0
"RXDRGNAM","ind","INDOMETHACIN","Total",89,0
"RXDRGNAM","ind","INFLUENZA VIRUS VACCINE, INACTIVATED","Total",1,0
"RXDRGNAM","ind","INSULIN ASPART","Total",44,0
"RXDRGNAM","ind","INSULIN ASPART-INSULIN ASPART PROTAMINE","Total",30,0
"RXDRGNAM","ind","INSULIN DETEMIR","Total",7,0
"RXDRGNAM","ind","INSULIN GLARGINE","Total",161,0
"RXDRGNAM","ind","INSULIN GLULISINE","Total",2,0
"RXDRGNAM","ind","INSULIN ISOPHANE","Total",332,0
"RXDRGNAM","ind","INSULIN ISOPHANE-INSULIN REGULAR","Total",107,0
"RXDRGNAM","ind","INSULIN LISPRO","Total",42,0
"RXDRGNAM","ind","INSULIN LISPRO-INSULIN LISPRO PROTAMINE","Total",21,0
"RXDRGNAM","ind","INSULIN REGULAR","Total",48,0
"RXDRGNAM","ind","INSULIN ZINC","Total",2,0
"RXDRGNAM","ind","INSULIN ZINC EXTENDED","Total",1,0
"RXDRGNAM","ind","INTERFERON BETA-1A","Total",9,0
"RXDRGNAM","ind","IPRATROPIUM","Total",84,0
"RXDRGNAM","ind","IPRATROPIUM NASAL","Total",13,0
"RXDRGNAM","ind","IRBESARTAN","Total",114,0
"RXDRGNAM","ind","IRON POLYSACCHARIDE","Total",18,0
"RXDRGNAM","ind","ISONIAZID","Total",24,0
"RXDRGNAM","ind","ISOPROPYL ALCOHOL TOPICAL","Total",14,0
"RXDRGNAM","ind","ISOSORBIDE DINITRATE","Total",55,0
"RXDRGNAM","ind","ISOSORBIDE MONONITRATE","Total",156,0
"RXDRGNAM","ind","ISOTRETINOIN","Total",15,0
"RXDRGNAM","ind","ISRADIPINE","Total",20,0
"RXDRGNAM","ind","ITRACONAZOLE","Total",3,0
"RXDRGNAM","ind","KAOLIN-PECTIN","Total",2,0
"RXDRGNAM","ind","KETOCONAZOLE","Total",12,0
"RXDRGNAM","ind","KETOCONAZOLE TOPICAL","Total",66,0
"RXDRGNAM","ind","KETOPROFEN","Total",12,0
"RXDRGNAM","ind","KETOROLAC","Total",29,0
"RXDRGNAM","ind","KETOROLAC OPHTHALMIC","Total",32,0
"RXDRGNAM","ind","KETOTIFEN OPHTHALMIC","Total",12,0
"RXDRGNAM","ind","LABETALOL","Total",46,0
"RXDRGNAM","ind","LACTIC ACID TOPICAL","Total",1,0
"RXDRGNAM","ind","LACTOBACILLUS ACIDOPHILUS","Total",1,0
"RXDRGNAM","ind","LACTOBACILLUS ACIDOPHILUS AND BULGARICUS","Total",9,0
"RXDRGNAM","ind","LACTULOSE","Total",34,0
"RXDRGNAM","ind","LAMIVUDINE","Total",10,0
"RXDRGNAM","ind","LAMIVUDINE-ZIDOVUDINE","Total",9,0
"RXDRGNAM","ind","LAMOTRIGINE","Total",69,0
"RXDRGNAM","ind","LANOLIN TOPICAL","Total",38,0
"RXDRGNAM","ind","LANSOPRAZOLE","Total",481,0
"RXDRGNAM","ind","LANSOPRAZOLE-NAPROXEN","Total",12,0
"RXDRGNAM","ind","LATANOPROST OPHTHALMIC","Total",123,0
"RXDRGNAM","ind","LEFLUNOMIDE","Total",15,0
"RXDRGNAM","ind","LETROZOLE","Total",14,0
"RXDRGNAM","ind","LEUCOVORIN","Total",1,0
"RXDRGNAM","ind","LEUPROLIDE","Total",11,0
"RXDRGNAM","ind","LEVALBUTEROL","Total",109,0
"RXDRGNAM","ind","LEVETIRACETAM","Total",33,0
"RXDRGNAM","ind","LEVOBUNOLOL OPHTHALMIC","Total",11,0
"RXDRGNAM","ind","LEVOCARNITINE","Total",1,0
"RXDRGNAM","ind","LEVOFLOXACIN","Total",307,0
"RXDRGNAM","ind","LEVOFLOXACIN OPHTHALMIC","Total",4,0
"RXDRGNAM","ind","LEVONORGESTREL","Total",4,0
"RXDRGNAM","ind","LEVOTHYROXINE","Total",1255,0
"RXDRGNAM","ind","LIDOCAINE","Total",2,0
"RXDRGNAM","ind","LIDOCAINE-PRILOCAINE TOPICAL","Total",6,0
"RXDRGNAM","ind","LIDOCAINE TOPICAL","Total",95,0
"RXDRGNAM","ind","LINDANE TOPICAL","Total",2,0
"RXDRGNAM","ind","LINEZOLID","Total",4,0
"RXDRGNAM","ind","LIOTHYRONINE","Total",11,0
"RXDRGNAM","ind","LISINOPRIL","Total",1237,0
"RXDRGNAM","ind","LITHIUM","Total",40,0
"RXDRGNAM","ind","LOMUSTINE","Total",3,0
"RXDRGNAM","ind","LOPERAMIDE","Total",19,0
"RXDRGNAM","ind","LOPINAVIR-RITONAVIR","Total",6,0
"RXDRGNAM","ind","LORATADINE","Total",283,0
"RXDRGNAM","ind","LORATADINE-PSEUDOEPHEDRINE","Total",84,0
"RXDRGNAM","ind","LORAZEPAM","Total",296,0
"RXDRGNAM","ind","LOSARTAN","Total",236,0
"RXDRGNAM","ind","LOTEPREDNOL-TOBRAMYCIN OPHTHALMIC","Total",5,0
"RXDRGNAM","ind","LOTEPREDNOL OPHTHALMIC","Total",23,0
"RXDRGNAM","ind","LOVASTATIN","Total",422,0
"RXDRGNAM","ind","LOVASTATIN-NIACIN","Total",23,0
"RXDRGNAM","ind","LOXAPINE","Total",3,0
"RXDRGNAM","ind","LUBIPROSTONE","Total",2,0
"RXDRGNAM","ind","LVP SOLUTION","Total",2,0
"RXDRGNAM","ind","MAGNESIUM CHLORIDE","Total",3,0
"RXDRGNAM","ind","MAGNESIUM CITRATE","Total",2,0
"RXDRGNAM","ind","MAGNESIUM HYDROXIDE","Total",5,0
"RXDRGNAM","ind","MAGNESIUM OXIDE","Total",17,0
"RXDRGNAM","ind","MAGNESIUM SULFATE","Total",2,0
"RXDRGNAM","ind","MALATHION TOPICAL","Total",1,0
"RXDRGNAM","ind","MEBENDAZOLE","Total",11,0
"RXDRGNAM","ind","MECLIZINE","Total",170,0
"RXDRGNAM","ind","MECLOFENAMATE","Total",1,0
"RXDRGNAM","ind","MEDROXYPROGESTERONE","Total",93,0
"RXDRGNAM","ind","MEFENAMIC ACID","Total",4,0
"RXDRGNAM","ind","MEFLOQUINE","Total",9,0
"RXDRGNAM","ind","MEGESTROL","Total",32,0
"RXDRGNAM","ind","MELOXICAM","Total",224,0
"RXDRGNAM","ind","MELPHALAN","Total",1,0
"RXDRGNAM","ind","MEMANTINE","Total",46,0
"RXDRGNAM","ind","MENOTROPINS","Total",2,0
"RXDRGNAM","ind","MEPERIDINE","Total",18,0
"RXDRGNAM","ind","MEPERIDINE-PROMETHAZINE","Total",8,0
"RXDRGNAM","ind","MEPROBAMATE","Total",2,0
"RXDRGNAM","ind","MERCAPTOPURINE","Total",5,0
"RXDRGNAM","ind","MESALAMINE","Total",41,0
"RXDRGNAM","ind","MESTRANOL-NORETHINDRONE","Total",2,0
"RXDRGNAM","ind","METAPROTERENOL","Total",7,0
"RXDRGNAM","ind","METAXALONE","Total",125,0
"RXDRGNAM","ind","METFORMIN","Total",1011,0
"RXDRGNAM","ind","METFORMIN-PIOGLITAZONE","Total",24,0
"RXDRGNAM","ind","METFORMIN-ROSIGLITAZONE","Total",40,0
"RXDRGNAM","ind","METHADONE","Total",39,0
"RXDRGNAM","ind","METHAZOLAMIDE","Total",4,0
"RXDRGNAM","ind","METHENAMINE","Total",3,0
"RXDRGNAM","ind","METHENAMINE-SODIUM ACID PHOSPHATE","Total",1,0
"RXDRGNAM","ind","METHIMAZOLE","Total",23,0
"RXDRGNAM","ind","METHOCARBAMOL","Total",99,0
"RXDRGNAM","ind","METHOTREXATE","Total",86,0
"RXDRGNAM","ind","METHOXSALEN","Total",1,0
"RXDRGNAM","ind","METHSCOPOLAMINE","Total",6,0
"RXDRGNAM","ind","METHYL SALICYLATE TOPICAL","Total",24,0
"RXDRGNAM","ind","METHYLDOPA","Total",14,0
"RXDRGNAM","ind","METHYLERGONOVINE","Total",3,0
"RXDRGNAM","ind","METHYLPHENIDATE","Total",219,0
"RXDRGNAM","ind","METHYLPREDNISOLONE","Total",190,0
"RXDRGNAM","ind","METIPRANOLOL OPHTHALMIC","Total",3,0
"RXDRGNAM","ind","METOCLOPRAMIDE","Total",120,0
"RXDRGNAM","ind","METOLAZONE","Total",35,0
"RXDRGNAM","ind","METOPROLOL","Total",1138,0
"RXDRGNAM","ind","METRONIDAZOLE","Total",155,0
"RXDRGNAM","ind","METRONIDAZOLE TOPICAL","Total",75,0
"RXDRGNAM","ind","MEXILETINE","Total",6,0
"RXDRGNAM","ind","MICONAZOLE-ZINC OXIDE TOPICAL","Total",3,0
"RXDRGNAM","ind","MICONAZOLE TOPICAL","Total",24,0
"RXDRGNAM","ind","MIDODRINE","Total",3,0
"RXDRGNAM","ind","MIGLITOL","Total",4,0
"RXDRGNAM","ind","MINOCYCLINE","Total",71,0
"RXDRGNAM","ind","MINOXIDIL","Total",9,0
"RXDRGNAM","ind","MIRTAZAPINE","Total",85,0
"RXDRGNAM","ind","MISOPROSTOL","Total",8,0
"RXDRGNAM","ind","MODAFINIL","Total",44,0
"RXDRGNAM","ind","MOEXIPRIL","Total",10,0
"RXDRGNAM","ind","MOMETASONE","Total",34,0
"RXDRGNAM","ind","MOMETASONE NASAL","Total",353,0
"RXDRGNAM","ind","MOMETASONE TOPICAL","Total",38,0
"RXDRGNAM","ind","MONTELUKAST","Total",676,0
"RXDRGNAM","ind","MORPHINE","Total",91,0
"RXDRGNAM","ind","MOXIFLOXACIN","Total",83,0
"RXDRGNAM","ind","MOXIFLOXACIN OPHTHALMIC","Total",116,0
"RXDRGNAM","ind","MULTIVITAMIN","Total",195,0
"RXDRGNAM","ind","MULTIVITAMIN WITH FLUORIDE","Total",63,0
"RXDRGNAM","ind","MULTIVITAMIN WITH IRON","Total",46,0
"RXDRGNAM","ind","MULTIVITAMIN WITH IRON AND FLUORIDE","Total",6,0
"RXDRGNAM","ind","MULTIVITAMIN WITH MINERALS","Total",92,0
"RXDRGNAM","ind","MULTIVITAMIN, PRENATAL","Total",322,0
"RXDRGNAM","ind","MUPIROCIN TOPICAL","Total",110,0
"RXDRGNAM","ind","MYCOPHENOLATE MOFETIL","Total",20,0
"RXDRGNAM","ind","MYCOPHENOLIC ACID","Total",1,0
"RXDRGNAM","ind","NABUMETONE","Total",123,0
"RXDRGNAM","ind","NADOLOL","Total",45,0
"RXDRGNAM","ind","NAFTIFINE TOPICAL","Total",9,0
"RXDRGNAM","ind","NALBUPHINE","Total",1,0
"RXDRGNAM","ind","NALOXONE-PENTAZOCINE","Total",5,0
"RXDRGNAM","ind","NAPHAZOLINE-PHENIRAMINE OPHTHALMIC","Total",156,0
"RXDRGNAM","ind","NAPHAZOLINE OPHTHALMIC","Total",9,0
"RXDRGNAM","ind","NAPROXEN","Total",553,0
"RXDRGNAM","ind","NARATRIPTAN","Total",8,0
"RXDRGNAM","ind","NATAMYCIN OPHTHALMIC","Total",1,0
"RXDRGNAM","ind","NATEGLINIDE","Total",24,0
"RXDRGNAM","ind","NEDOCROMIL OPHTHALMIC","Total",5,0
"RXDRGNAM","ind","NEFAZODONE","Total",13,0
"RXDRGNAM","ind","NELFINAVIR","Total",1,0
"RXDRGNAM","ind","NEOMYCIN","Total",8,0
"RXDRGNAM","ind","NEPAFENAC OPHTHALMIC","Total",14,0
"RXDRGNAM","ind","NIACIN","Total",91,0
"RXDRGNAM","ind","NICOTINE","Total",11,0
"RXDRGNAM","ind","NIFEDIPINE","Total",203,0
"RXDRGNAM","ind","NISOLDIPINE","Total",37,0
"RXDRGNAM","ind","NITROFURANTOIN","Total",147,0
"RXDRGNAM","ind","NITROGLYCERIN","Total",213,0
"RXDRGNAM","ind","NIZATIDINE","Total",13,0
"RXDRGNAM","ind","NORETHINDRONE","Total",51,0
"RXDRGNAM","ind","NORFLOXACIN","Total",2,0
"RXDRGNAM","ind","NORTRIPTYLINE","Total",58,0
"RXDRGNAM","ind","NYSTATIN","Total",54,0
"RXDRGNAM","ind","NYSTATIN-TRIAMCINOLONE TOPICAL","Total",37,0
"RXDRGNAM","ind","NYSTATIN TOPICAL","Total",65,0
"RXDRGNAM","ind","OCULAR LUBRICANT","Total",72,0
"RXDRGNAM","ind","OFLOXACIN","Total",7,0
"RXDRGNAM","ind","OFLOXACIN OPHTHALMIC","Total",12,0
"RXDRGNAM","ind","OFLOXACIN OTIC","Total",52,0
"RXDRGNAM","ind","OLANZAPINE","Total",79,0
"RXDRGNAM","ind","OLMESARTAN","Total",121,0
"RXDRGNAM","ind","OLOPATADINE OPHTHALMIC","Total",97,0
"RXDRGNAM","ind","OLSALAZINE","Total",1,0
"RXDRGNAM","ind","OMEGA-3 POLYUNSATURATED FATTY ACIDS","Total",23,0
"RXDRGNAM","ind","OMEPRAZOLE","Total",582,0
"RXDRGNAM","ind","OMEPRAZOLE-SODIUM BICARBONATE","Total",15,0
"RXDRGNAM","ind","ONDANSETRON","Total",26,0
"RXDRGNAM","ind","OPIUM","Total",1,0
"RXDRGNAM","ind","ORLISTAT","Total",5,0
"RXDRGNAM","ind","ORPHENADRINE","Total",11,0
"RXDRGNAM","ind","OSELTAMIVIR","Total",54,0
"RXDRGNAM","ind","OXANDROLONE","Total",2,0
"RXDRGNAM","ind","OXAPROZIN","Total",34,0
"RXDRGNAM","ind","OXAZEPAM","Total",10,0
"RXDRGNAM","ind","OXCARBAZEPINE","Total",41,0
"RXDRGNAM","ind","OXICONAZOLE TOPICAL","Total",3,0
"RXDRGNAM","ind","OXYBUTYNIN","Total",92,0
"RXDRGNAM","ind","OXYCODONE","Total",189,0
"RXDRGNAM","ind","OXYMETAZOLINE NASAL","Total",47,0
"RXDRGNAM","ind","OXYMORPHONE","Total",1,0
"RXDRGNAM","ind","PANCRELIPASE","Total",24,0
"RXDRGNAM","ind","PANTOPRAZOLE","Total",373,0
"RXDRGNAM","ind","PAPAIN-UREA TOPICAL","Total",4,0
"RXDRGNAM","ind","PARICALCITOL","Total",1,0
"RXDRGNAM","ind","PAROXETINE","Total",292,0
"RXDRGNAM","ind","PEMIROLAST OPHTHALMIC","Total",2,0
"RXDRGNAM","ind","PEMOLINE","Total",3,0
"RXDRGNAM","ind","PENCICLOVIR TOPICAL","Total",4,0
"RXDRGNAM","ind","PENICILLIN","Total",375,0
"RXDRGNAM","ind","PENTOXIFYLLINE","Total",22,0
"RXDRGNAM","ind","PERINDOPRIL","Total",12,0
"RXDRGNAM","ind","PERMETHRIN TOPICAL","Total",12,0
"RXDRGNAM","ind","PERPHENAZINE","Total",2,0
"RXDRGNAM","ind","PETROLATUM TOPICAL","Total",16,0
"RXDRGNAM","ind","PHENAZOPYRIDINE","Total",63,0
"RXDRGNAM","ind","PHENDIMETRAZINE","Total",1,0
"RXDRGNAM","ind","PHENOBARBITAL","Total",23,0
"RXDRGNAM","ind","PHENTERMINE","Total",40,0
"RXDRGNAM","ind","PHENYLEPHRINE","Total",4,0
"RXDRGNAM","ind","PHENYLEPHRINE-PROMETHAZINE","Total",47,0
"RXDRGNAM","ind","PHENYLEPHRINE-PYRILAMINE","Total",2,0
"RXDRGNAM","ind","PHENYLEPHRINE TOPICAL","Total",2,0
"RXDRGNAM","ind","PHENYTOIN","Total",102,0
"RXDRGNAM","ind","PHYTONADIONE","Total",8,0
"RXDRGNAM","ind","PILOCARPINE","Total",1,0
"RXDRGNAM","ind","PILOCARPINE OPHTHALMIC","Total",7,0
"RXDRGNAM","ind","PIMECROLIMUS TOPICAL","Total",48,0
"RXDRGNAM","ind","PIOGLITAZONE","Total",298,0
"RXDRGNAM","ind","PIRBUTEROL","Total",14,0
"RXDRGNAM","ind","PIROXICAM","Total",55,0
"RXDRGNAM","ind","PODOFILOX TOPICAL","Total",2,0
"RXDRGNAM","ind","POLYCARBOPHIL","Total",1,0
"RXDRGNAM","ind","POLYETHYLENE GLYCOL 3350","Total",127,0
"RXDRGNAM","ind","POLYETHYLENE GLYCOL 3350 WITH ELECTROLYTES","Total",35,0
"RXDRGNAM","ind","POLYMYXIN B-TRIMETHOPRIM OPHTHALMIC","Total",39,0
"RXDRGNAM","ind","POTASSIUM ACID PHOSPHATE","Total",2,0
"RXDRGNAM","ind","POTASSIUM BICARBONATE","Total",4,0
"RXDRGNAM","ind","POTASSIUM BICARBONATE-POTASSIUM CITRATE","Total",2,0
"RXDRGNAM","ind","POTASSIUM CHLORIDE","Total",635,0
"RXDRGNAM","ind","POTASSIUM CITRATE","Total",6,0
"RXDRGNAM","ind","POTASSIUM PHOSPHATE","Total",1,0
"RXDRGNAM","ind","PRAMIPEXOLE","Total",36,0
"RXDRGNAM","ind","PRAMLINTIDE","Total",7,0
"RXDRGNAM","ind","PRAMOXINE TOPICAL","Total",1,0
"RXDRGNAM","ind","PRAVASTATIN","Total",184,0
"RXDRGNAM","ind","PRAZOSIN","Total",14,0
"RXDRGNAM","ind","PREDNICARBATE TOPICAL","Total",4,0
"RXDRGNAM","ind","PREDNISOLONE","Total",134,0
"RXDRGNAM","ind","PREDNISOLONE-SULFACETAMIDE SODIUM OPHTHALMIC","Total",14,0
"RXDRGNAM","ind","PREDNISOLONE OPHTHALMIC","Total",129,0
"RXDRGNAM","ind","PREDNISONE","Total",696,0
"RXDRGNAM","ind","PREGABALIN","Total",117,0
"RXDRGNAM","ind","PRIMIDONE","Total",21,0
"RXDRGNAM","ind","PROBENECID","Total",8,0
"RXDRGNAM","ind","PROCARBAZINE","Total",2,0
"RXDRGNAM","ind","PROCHLORPERAZINE","Total",62,0
"RXDRGNAM","ind","PROCYCLIDINE","Total",1,0
"RXDRGNAM","ind","PROGESTERONE","Total",50,0
"RXDRGNAM","ind","PROMETHAZINE","Total",270,0
"RXDRGNAM","ind","PROPAFENONE","Total",15,0
"RXDRGNAM","ind","PROPOXYPHENE","Total",38,0
"RXDRGNAM","ind","PROPRANOLOL","Total",128,0
"RXDRGNAM","ind","PROPYLTHIOURACIL","Total",10,0
"RXDRGNAM","ind","PROTRIPTYLINE","Total",1,0
"RXDRGNAM","ind","PSEUDOEPHEDRINE","Total",59,0
"RXDRGNAM","ind","PSEUDOEPHEDRINE-TRIPROLIDINE","Total",11,0
"RXDRGNAM","ind","PSYLLIUM","Total",9,0
"RXDRGNAM","ind","PYRIDOSTIGMINE","Total",6,0
"RXDRGNAM","ind","PYRIDOXINE","Total",19,0
"RXDRGNAM","ind","QUETIAPINE","Total",127,0
"RXDRGNAM","ind","QUINAPRIL","Total",126,0
"RXDRGNAM","ind","QUININE","Total",81,0
"RXDRGNAM","ind","RABEPRAZOLE","Total",158,0
"RXDRGNAM","ind","RALOXIFENE","Total",90,0
"RXDRGNAM","ind","RAMELTEON","Total",20,0
"RXDRGNAM","ind","RAMIPRIL","Total",199,0
"RXDRGNAM","ind","RANITIDINE","Total",429,0
"RXDRGNAM","ind","RANOLAZINE","Total",4,0
"RXDRGNAM","ind","REPAGLINIDE","Total",12,0
"RXDRGNAM","ind","RESERPINE","Total",2,0
"RXDRGNAM","ind","RIBAVIRIN","Total",9,0
"RXDRGNAM","ind","RIFAMPIN","Total",9,0
"RXDRGNAM","ind","RIFAXIMIN","Total",3,0
"RXDRGNAM","ind","RIMANTADINE","Total",2,0
"RXDRGNAM","ind","RIMEXOLONE OPHTHALMIC","Total",1,0
"RXDRGNAM","ind","RISEDRONATE","Total",156,0
"RXDRGNAM","ind","RISPERIDONE","Total",134,0
"RXDRGNAM","ind","RITONAVIR","Total",9,0
"RXDRGNAM","ind","RIVASTIGMINE","Total",14,0
"RXDRGNAM","ind","RIZATRIPTAN","Total",38,0
"RXDRGNAM","ind","ROPINIROLE","Total",50,0
"RXDRGNAM","ind","ROSIGLITAZONE","Total",277,0
"RXDRGNAM","ind","ROSUVASTATIN","Total",273,0
"RXDRGNAM","ind","SALICYLIC ACID TOPICAL","Total",14,0
"RXDRGNAM","ind","SALMETEROL","Total",32,0
"RXDRGNAM","ind","SALSALATE","Total",16,0
"RXDRGNAM","ind","SAQUINAVIR","Total",1,0
"RXDRGNAM","ind","SCOPOLAMINE","Total",11,0
"RXDRGNAM","ind","SCOPOLAMINE OPHTHALMIC","Total",2,0
"RXDRGNAM","ind","SELENIUM SULFIDE TOPICAL","Total",10,0
"RXDRGNAM","ind","SENNA","Total",10,0
"RXDRGNAM","ind","SERTACONAZOLE TOPICAL","Total",5,0
"RXDRGNAM","ind","SERTRALINE","Total",535,0
"RXDRGNAM","ind","SEVELAMER","Total",26,0
"RXDRGNAM","ind","SIBUTRAMINE","Total",5,0
"RXDRGNAM","ind","SILDENAFIL","Total",55,0
"RXDRGNAM","ind","SILVER NITRATE TOPICAL","Total",1,0
"RXDRGNAM","ind","SILVER SULFADIAZINE TOPICAL","Total",34,0
"RXDRGNAM","ind","SIMETHICONE","Total",13,0
"RXDRGNAM","ind","SIMVASTATIN","Total",867,0
"RXDRGNAM","ind","SIROLIMUS","Total",2,0
"RXDRGNAM","ind","SITAGLIPTIN","Total",5,0
"RXDRGNAM","ind","SODIUM BICARBONATE","Total",8,0
"RXDRGNAM","ind","SODIUM BIPHOSPHATE-SODIUM PHOSPHATE","Total",8,0
"RXDRGNAM","ind","SODIUM CHLORIDE","Total",56,0
"RXDRGNAM","ind","SODIUM CHLORIDE NASAL","Total",21,0
"RXDRGNAM","ind","SODIUM CHLORIDE, HYPERTONIC, OPHTHALMIC","Total",6,0
"RXDRGNAM","ind","SODIUM HYALURONATE","Total",3,0
"RXDRGNAM","ind","SODIUM HYALURONATE TOPICAL","Total",1,0
"RXDRGNAM","ind","SODIUM HYPOCHLORITE TOPICAL","Total",1,0
"RXDRGNAM","ind","SODIUM POLYSTYRENE SULFONATE","Total",4,0
"RXDRGNAM","ind","SOLIFENACIN","Total",36,0
"RXDRGNAM","ind","SORBITOL","Total",4,0
"RXDRGNAM","ind","SOTALOL","Total",33,0
"RXDRGNAM","ind","SPIRONOLACTONE","Total",138,0
"RXDRGNAM","ind","STAVUDINE","Total",5,0
"RXDRGNAM","ind","SUCRALFATE","Total",40,0
"RXDRGNAM","ind","SULFACETAMIDE SODIUM-SULFUR TOPICAL","Total",22,0
"RXDRGNAM","ind","SULFACETAMIDE SODIUM-UREA TOPICAL","Total",2,0
"RXDRGNAM","ind","SULFACETAMIDE SODIUM OPHTHALMIC","Total",41,0
"RXDRGNAM","ind","SULFACETAMIDE SODIUM TOPICAL","Total",9,0
"RXDRGNAM","ind","SULFAMETHOXAZOLE-TRIMETHOPRIM","Total",444,0
"RXDRGNAM","ind","SULFANILAMIDE TOPICAL","Total",1,0
"RXDRGNAM","ind","SULFASALAZINE","Total",23,0
"RXDRGNAM","ind","SULINDAC","Total",40,0
"RXDRGNAM","ind","SUMATRIPTAN","Total",114,0
"RXDRGNAM","ind","TACROLIMUS TOPICAL","Total",19,0
"RXDRGNAM","ind","TADALAFIL","Total",22,0
"RXDRGNAM","ind","TAMOXIFEN","Total",27,0
"RXDRGNAM","ind","TAMSULOSIN","Total",227,0
"RXDRGNAM","ind","TAZAROTENE TOPICAL","Total",15,0
"RXDRGNAM","ind","TEGASEROD","Total",50,0
"RXDRGNAM","ind","TELITHROMYCIN","Total",62,0
"RXDRGNAM","ind","TELMISARTAN","Total",54,0
"RXDRGNAM","ind","TEMAZEPAM","Total",93,0
"RXDRGNAM","ind","TENOFOVIR","Total",11,0
"RXDRGNAM","ind","TERAZOSIN","Total",115,0
"RXDRGNAM","ind","TERBINAFINE","Total",52,0
"RXDRGNAM","ind","TERBINAFINE TOPICAL","Total",17,0
"RXDRGNAM","ind","TERBUTALINE","Total",5,0
"RXDRGNAM","ind","TERCONAZOLE TOPICAL","Total",15,0
"RXDRGNAM","ind","TERIPARATIDE","Total",10,0
"RXDRGNAM","ind","TESTOSTERONE","Total",35,0
"RXDRGNAM","ind","TETRACYCLINE","Total",70,0
"RXDRGNAM","ind","THEOPHYLLINE","Total",59,0
"RXDRGNAM","ind","THIAMINE","Total",16,0
"RXDRGNAM","ind","THIORIDAZINE","Total",3,0
"RXDRGNAM","ind","THIOTHIXENE","Total",6,0
"RXDRGNAM","ind","THYROID DESICCATED","Total",62,0
"RXDRGNAM","ind","TIAGABINE","Total",6,0
"RXDRGNAM","ind","TICLOPIDINE","Total",3,0
"RXDRGNAM","ind","TIMOLOL OPHTHALMIC","Total",94,0
"RXDRGNAM","ind","TIOTROPIUM","Total",102,0
"RXDRGNAM","ind","TIPRANAVIR","Total",1,0
"RXDRGNAM","ind","TIZANIDINE","Total",41,0
"RXDRGNAM","ind","TOBRAMYCIN OPHTHALMIC","Total",61,0
"RXDRGNAM","ind","TOLAZAMIDE","Total",7,0
"RXDRGNAM","ind","TOLMETIN","Total",1,0
"RXDRGNAM","ind","TOLNAFTATE TOPICAL","Total",2,0
"RXDRGNAM","ind","TOLTERODINE","Total",143,0
"RXDRGNAM","ind","TOPIRAMATE","Total",136,0
"RXDRGNAM","ind","TORSEMIDE","Total",30,0
"RXDRGNAM","ind","TRAMADOL","Total",333,0
"RXDRGNAM","ind","TRANDOLAPRIL","Total",19,0
"RXDRGNAM","ind","TRANDOLAPRIL-VERAPAMIL","Total",33,0
"RXDRGNAM","ind","TRAVOPROST OPHTHALMIC","Total",70,0
"RXDRGNAM","ind","TRAZODONE","Total",287,0
"RXDRGNAM","ind","TRETINOIN TOPICAL","Total",55,0
"RXDRGNAM","ind","TRIAMCINOLONE","Total",44,0
"RXDRGNAM","ind","TRIAMCINOLONE NASAL","Total",125,0
"RXDRGNAM","ind","TRIAMCINOLONE TOPICAL","Total",211,0
"RXDRGNAM","ind","TRIAMTERENE","Total",36,0
"RXDRGNAM","ind","TRIAZOLAM","Total",12,0
"RXDRGNAM","ind","TRIFLUOPERAZINE","Total",6,0
"RXDRGNAM","ind","TRIFLURIDINE OPHTHALMIC","Total",2,0
"RXDRGNAM","ind","TRIHEXYPHENIDYL","Total",11,0
"RXDRGNAM","ind","TRIMETHOBENZAMIDE","Total",6,0
"RXDRGNAM","ind","TRIMETHOPRIM","Total",39,0
"RXDRGNAM","ind","TRIMIPRAMINE","Total",1,0
"RXDRGNAM","ind","TRIPROLIDINE","Total",5,0
"RXDRGNAM","ind","TROLAMINE SALICYLATE TOPICAL","Total",1,0
"RXDRGNAM","ind","TROSPIUM","Total",9,0
"RXDRGNAM","ind","UREA TOPICAL","Total",30,0
"RXDRGNAM","ind","URSODIOL","Total",6,0
"RXDRGNAM","ind","VALACYCLOVIR","Total",98,0
"RXDRGNAM","ind","VALGANCICLOVIR","Total",4,0
"RXDRGNAM","ind","VALPROIC ACID","Total",8,0
"RXDRGNAM","ind","VALSARTAN","Total",327,0
"RXDRGNAM","ind","VANCOMYCIN","Total",4,0
"RXDRGNAM","ind","VARDENAFIL","Total",23,0
"RXDRGNAM","ind","VARENICLINE","Total",11,0
"RXDRGNAM","ind","VENLAFAXINE","Total",241,0
"RXDRGNAM","ind","VERAPAMIL","Total",178,0
"RXDRGNAM","ind","VITAMIN E","Total",6,0
"RXDRGNAM","ind","WARFARIN","Total",415,0
"RXDRGNAM","ind","YOHIMBINE","Total",1,0
"RXDRGNAM","ind","ZAFIRLUKAST","Total",17,0
"RXDRGNAM","ind","ZALEPLON","Total",16,0
"RXDRGNAM","ind","ZIDOVUDINE","Total",3,0
"RXDRGNAM","ind","ZINC SULFATE","Total",14,0
"RXDRGNAM","ind","ZIPRASIDONE","Total",40,0
"RXDRGNAM","ind","ZOLMITRIPTAN","Total",21,0
"RXDRGNAM","ind","ZOLPIDEM","Total",311,0
"RXDRGNAM","ind","ZONISAMIDE","Total",13,0
"RXDRGNAM","ind","ZOSTER VACCINE LIVE","Total",1,0
