"rowGrp","colGrp","rowLevels","colLevels","totEVT","totEVT_se"
"TC1name","ind","Alternative Medicines","Total",6655679.889683,1070700.4863481
"TC1name","ind","Anti-Infectives","Total",146182067.997761,5279536.93703369
"TC1name","ind","Antineoplastics","Total",18710190.785263,1732288.64147276
"TC1name","ind","Biologicals","Total",561444.008167,235910.473632653
"TC1name","ind","Cardiovascular Agents","Total",702357655.987237,21161829.1800768
"TC1name","ind","Central Nervous System Agents","Total",588037115.597157,19082709.0741083
"TC1name","ind","Coagulation Modifiers","Total",62032187.438892,3359004.95143642
"TC1name","ind","Gastrointestinal Agents","Total",162417190.955993,6509385.45596075
"TC1name","ind","Genitourinary Tract Agents","Total",17782275.165349,1481072.43573714
"TC1name","ind","Hormones/Hormone Modifiers","Total",244967130.830123,8789837.94415459
"TC1name","ind","Immunologic Agents","Total",9695845.053247,1853336.4534183
"TC1name","ind","Metabolic Agents","Total",509177032.307917,17049698.6368795
"TC1name","ind","Miscellaneous Agents","Total",37521768.435509,2634046.08219309
"TC1name","ind","Not Ascertained","Total",65820469.324014,3951437.24627052
"TC1name","ind","Nutritional Products","Total",99577393.804191,4694088.12243135
"TC1name","ind","Psychotherapeutic Agents","Total",238493396.834287,8505168.2697646
"TC1name","ind","Respiratory Agents","Total",177648776.797713,7616040.89825138
"TC1name","ind","Topical Agents","Total",127048005.388025,5395373.94113554
"RXDRGNAM","ind","ABACAVIR","Total",234726.622519,165489.645642147
"RXDRGNAM","ind","ABACAVIR-LAMIVUDINE","Total",283500.175534,146935.996657909
"RXDRGNAM","ind","ACAMPROSATE","Total",34908.09504,34908.09504
"RXDRGNAM","ind","ACARBOSE","Total",351500.756403,137381.251744278
"RXDRGNAM","ind","ACEBUTOLOL","Total",324046.825939,199921.649121574
"RXDRGNAM","ind","ACETAMINOPHEN","Total",4123442.52384,494637.445998862
"RXDRGNAM","ind","ACETAMINOPHEN-BUTALBITAL","Total",91750.217929,50406.6780391296
"RXDRGNAM","ind","ACETAMINOPHEN-CODEINE","Total",7856277.755856,645183.599965124
"RXDRGNAM","ind","ACETAMINOPHEN-HYDROCODONE","Total",56883405.00906,3004011.86281166
"RXDRGNAM","ind","ACETAMINOPHEN-OXYCODONE","Total",19035780.440641,1712641.92822395
"RXDRGNAM","ind","ACETAMINOPHEN-PENTAZOCINE","Total",17654.866484,17654.866484
"RXDRGNAM","ind","ACETAMINOPHEN-PROPOXYPHENE","Total",14658.684513,10405.4015983486
"RXDRGNAM","ind","ACETAMINOPHEN-TRAMADOL","Total",1078356.451898,252247.4617709
"RXDRGNAM","ind","ACETAMINOPHEN/ASPIRIN/CAFFEINE","Total",66632.350977,30027.3386755303
"RXDRGNAM","ind","ACETAMINOPHEN/BUTALBITAL/CAFFEINE","Total",3045396.038925,585572.238952497
"RXDRGNAM","ind","ACETAMINOPHEN/BUTALBITAL/CAFFEINE/CODEINE","Total",3352.38823,3352.38823
"RXDRGNAM","ind","ACETAMINOPHEN/CAFFEINE/ISOMETHEPTENE MUCATE","Total",552650.27833,348344.079111046
"RXDRGNAM","ind","ACETAMINOPHEN/CHLORPHENIRAMINE/PHENYLEPHRINE","Total",20648.059875,11959.142715357
"RXDRGNAM","ind","ACETAMINOPHEN/CPM/PE/PHENYLTOLOXAMINE","Total",38461.672743,28125.279185781
"RXDRGNAM","ind","ACETAZOLAMIDE","Total",526613.192089,236312.596597089
"RXDRGNAM","ind","ACETIC ACID-ALUMINUM ACETATE OTIC","Total",83431.104597,71253.3767605348
"RXDRGNAM","ind","ACETIC ACID-HYDROCORTISONE OTIC","Total",181982.483616,126601.130084978
"RXDRGNAM","ind","ACETIC ACID OTIC","Total",147124.094707,112687.351370319
"RXDRGNAM","ind","ACETIC ACID TOPICAL","Total",18067.126974,11330.6855786632
"RXDRGNAM","ind","ACITRETIN","Total",170342.73933,108195.893621742
"RXDRGNAM","ind","ACRIVASTINE-PSEUDOEPHEDRINE","Total",13255.575978,13255.575978
"RXDRGNAM","ind","ACYCLOVIR","Total",2918725.835843,524132.729119936
"RXDRGNAM","ind","ACYCLOVIR TOPICAL","Total",129721.54446,53862.2628957732
"RXDRGNAM","ind","ADALIMUMAB","Total",1515297.93046,452075.820182475
"RXDRGNAM","ind","ADAPALENE-BENZOYL PEROXIDE TOPICAL","Total",362986.252283,122434.398819871
"RXDRGNAM","ind","ADAPALENE TOPICAL","Total",632470.973409,248766.895844974
"RXDRGNAM","ind","AL HYDROXIDE/MG HYDROXIDE/SIMETHICONE","Total",231454.843651,84607.6470036527
"RXDRGNAM","ind","ALBUTEROL","Total",44604662.449466,2551912.68305916
"RXDRGNAM","ind","ALBUTEROL-IPRATROPIUM","Total",4832551.778662,728583.385609415
"RXDRGNAM","ind","ALCAFTADINE OPHTHALMIC","Total",126881.099635,94758.2217607403
"RXDRGNAM","ind","ALCLOMETASONE TOPICAL","Total",164814.919041,106805.728446328
"RXDRGNAM","ind","ALENDRONATE","Total",11338647.907582,950828.793940591
"RXDRGNAM","ind","ALENDRONATE-CHOLECALCIFEROL","Total",17112.203991,14778.896540844
"RXDRGNAM","ind","ALFUZOSIN","Total",1108586.286789,469960.340939803
"RXDRGNAM","ind","ALISKIREN","Total",1033916.488705,336791.985661975
"RXDRGNAM","ind","ALISKIREN-HYDROCHLOROTHIAZIDE","Total",30941.37177,21942.4413406198
"RXDRGNAM","ind","ALLOPURINOL","Total",15477118.914121,1430208.8351036
"RXDRGNAM","ind","ALOE VERA TOPICAL","Total",22441.941815,22441.941815
"RXDRGNAM","ind","ALOH/DIPHENHYD/LIDOCAINE/MGOH/SIMETH TOPICAL","Total",80883.907501,46508.3071938457
"RXDRGNAM","ind","ALOSETRON","Total",121954.40985,82696.3665907235
"RXDRGNAM","ind","ALPRAZOLAM","Total",26089754.884066,2360151.0883247
"RXDRGNAM","ind","ALPROSTADIL","Total",398088.913298,271689.012780052
"RXDRGNAM","ind","ALUMINUM CHLORIDE HEXAHYDRATE TOPICAL","Total",136074.653099,81723.1895258615
"RXDRGNAM","ind","ALUMINUM HYDROXIDE-MAGNESIUM HYDROXIDE","Total",138257.232293,77925.5889593339
"RXDRGNAM","ind","AMANTADINE","Total",1186943.668879,555151.111705928
"RXDRGNAM","ind","AMILORIDE","Total",47213.258241,33981.7997131726
"RXDRGNAM","ind","AMILORIDE-HYDROCHLOROTHIAZIDE","Total",165585.863346,97848.9638235113
"RXDRGNAM","ind","AMINOCAPROIC ACID","Total",15680.293465,13591.0687016264
"RXDRGNAM","ind","AMIODARONE","Total",4119889.102763,745318.460860058
"RXDRGNAM","ind","AMITRIPTYLINE","Total",10653387.524055,1060592.03982581
"RXDRGNAM","ind","AMITRIPTYLINE-PERPHENAZINE","Total",187944.105379,165134.195618345
"RXDRGNAM","ind","AMLODIPINE","Total",58368185.312428,2920348.37994775
"RXDRGNAM","ind","AMLODIPINE-ATORVASTATIN","Total",530896.343408,155373.849591263
"RXDRGNAM","ind","AMLODIPINE-BENAZEPRIL","Total",5107246.062421,676849.791113336
"RXDRGNAM","ind","AMLODIPINE-OLMESARTAN","Total",1431752.222023,419184.921613404
"RXDRGNAM","ind","AMLODIPINE-TELMISARTAN","Total",22674.758943,22674.758943
"RXDRGNAM","ind","AMLODIPINE-VALSARTAN","Total",2737134.097893,678934.53775333
"RXDRGNAM","ind","AMLODIPINE/HYDROCHLOROTHIAZIDE/OLMESARTAN","Total",1140931.000105,599723.513960279
"RXDRGNAM","ind","AMLODIPINE/HYDROCHLOROTHIAZIDE/VALSARTAN","Total",402113.34849,236833.81733172
"RXDRGNAM","ind","AMMONIUM LACTATE TOPICAL","Total",608697.702824,200419.596277493
"RXDRGNAM","ind","AMOXICILLIN","Total",25402957.612539,1339499.43042035
"RXDRGNAM","ind","AMOXICILLIN-CLAVULANATE","Total",5073457.013195,499546.395889401
"RXDRGNAM","ind","AMOXICILLIN/CLARITHROMYCIN/LANSOPRAZOLE","Total",63688.061251,26060.6765950479
"RXDRGNAM","ind","AMOXICILLIN/CLARITHROMYCIN/OMEPRAZOLE","Total",3050.558002,3050.558002
"RXDRGNAM","ind","AMPHETAMINE-DEXTROAMPHETAMINE","Total",14770063.444849,1932012.04152333
"RXDRGNAM","ind","AMPICILLIN","Total",372622.893653,94270.9614659295
"RXDRGNAM","ind","ANASTROZOLE","Total",3065945.958591,768850.334524151
"RXDRGNAM","ind","ANTIPYRINE-BENZOCAINE OTIC","Total",369889.313877,102928.115499318
"RXDRGNAM","ind","ANTIPYRINE/BENZOCAINE/ZINC ACETATE OTIC","Total",30377.589158,21577.8780211243
"RXDRGNAM","ind","APAP/DICHLORALPHENAZONE/ISOMETHEPTENE","Total",249215.11622,101197.703995241
"RXDRGNAM","ind","APREPITANT","Total",15778.744748,12754.1952877617
"RXDRGNAM","ind","ARFORMOTEROL","Total",596009.005962,417227.16484159
"RXDRGNAM","ind","ARIPIPRAZOLE","Total",6432236.646422,1084555.13937251
"RXDRGNAM","ind","ARMODAFINIL","Total",711841.256834,248097.372514547
"RXDRGNAM","ind","ASCORBIC ACID","Total",254822.063544,139457.142208392
"RXDRGNAM","ind","ASCORBIC ACID-CARBONYL IRON","Total",86530.825164,86530.825164
"RXDRGNAM","ind","ASENAPINE","Total",474478.954075,271636.446227993
"RXDRGNAM","ind","ASPIRIN","Total",16723082.162654,1365929.54993325
"RXDRGNAM","ind","ASPIRIN-DIPYRIDAMOLE","Total",1542271.39058,387952.400479861
"RXDRGNAM","ind","ASPIRIN/BUTALBITAL/CAFFEINE","Total",326656.240633,141373.739290356
"RXDRGNAM","ind","ASPIRIN/BUTALBITAL/CAFFEINE/CODEINE","Total",349306.288439,307520.707353266
"RXDRGNAM","ind","ASPIRIN/CAFFEINE/ORPHENADRINE","Total",42535.229692,36973.1566415274
"RXDRGNAM","ind","ATAZANAVIR","Total",493372.886975,187255.206915201
"RXDRGNAM","ind","ATENOLOL","Total",35685008.613847,2711230.06751667
"RXDRGNAM","ind","ATENOLOL-CHLORTHALIDONE","Total",6237769.48638,1157667.44267342
"RXDRGNAM","ind","ATOMOXETINE","Total",1641464.477892,397829.711852017
"RXDRGNAM","ind","ATORVASTATIN","Total",50493842.439685,2774083.3132412
"RXDRGNAM","ind","ATOVAQUONE-PROGUANIL","Total",64794.055618,26013.9895147238
"RXDRGNAM","ind","ATROPINE-DIPHENOXYLATE","Total",1788748.338171,559819.895563492
"RXDRGNAM","ind","ATROPINE OPHTHALMIC","Total",207191.266973,97931.0301099127
"RXDRGNAM","ind","ATROPINE/HYOSCYAMINE/PB/SCOPOLAMINE","Total",329193.090721,137405.276998119
"RXDRGNAM","ind","AZATHIOPRINE","Total",1839780.481585,382011.65613855
"RXDRGNAM","ind","AZELAIC ACID TOPICAL","Total",261159.390123,84595.433576669
"RXDRGNAM","ind","AZELASTINE-FLUTICASONE NASAL","Total",23686.786766,23686.786766
"RXDRGNAM","ind","AZELASTINE NASAL","Total",2107172.247436,578278.708965117
"RXDRGNAM","ind","AZELASTINE OPHTHALMIC","Total",116894.098402,57124.1233019427
"RXDRGNAM","ind","AZILSARTAN-CHLORTHALIDONE","Total",29795.859272,21130.694529292
"RXDRGNAM","ind","AZITHROMYCIN","Total",34517691.39087,1546848.80890375
"RXDRGNAM","ind","AZITHROMYCIN OPHTHALMIC","Total",54327.434757,38162.3501887582
"RXDRGNAM","ind","BACITRACIN-POLYMYXIN B OPHTHALMIC","Total",26108.215893,26108.215893
"RXDRGNAM","ind","BACITRACIN-POLYMYXIN B TOPICAL","Total",799002.969079,126687.008997617
"RXDRGNAM","ind","BACITRACIN OPHTHALMIC","Total",105635.447543,50440.0150018481
"RXDRGNAM","ind","BACITRACIN TOPICAL","Total",83815.537931,27396.2340599473
"RXDRGNAM","ind","BACITRACIN/HC/NEOMYCIN/POLYMYXIN B OPHTHALMIC","Total",21212.608991,15836.8673504595
"RXDRGNAM","ind","BACITRACIN/HC/NEOMYCIN/POLYMYXIN B TOPICAL","Total",3881.550722,3881.550722
"RXDRGNAM","ind","BACITRACIN/NEOMYCIN/POLYMYXIN B TOPICAL","Total",42014.021165,18267.5683852983
"RXDRGNAM","ind","BACLOFEN","Total",4931422.838255,714002.245971254
"RXDRGNAM","ind","BALSALAZIDE","Total",281630.743023,167887.084928447
"RXDRGNAM","ind","BECLOMETHASONE","Total",3457249.500099,613336.629189797
"RXDRGNAM","ind","BECLOMETHASONE NASAL","Total",169290.880033,72090.6292248377
"RXDRGNAM","ind","BENAZEPRIL","Total",9278236.757814,1195159.7120588
"RXDRGNAM","ind","BENAZEPRIL-HYDROCHLOROTHIAZIDE","Total",1652360.027723,449858.64049607
"RXDRGNAM","ind","BENDROFLUMETHIAZIDE-NADOLOL","Total",141460.763995,141460.763995
"RXDRGNAM","ind","BENZOCAINE-MENTHOL TOPICAL","Total",3586.409287,3586.409287
"RXDRGNAM","ind","BENZONATATE","Total",7243420.630677,1023123.90924082
"RXDRGNAM","ind","BENZOYL PEROXIDE-CLINDAMYCIN TOPICAL","Total",412616.065539,107490.598735886
"RXDRGNAM","ind","BENZOYL PEROXIDE-ERYTHROMYCIN TOPICAL","Total",85234.308028,49262.4549277395
"RXDRGNAM","ind","BENZOYL PEROXIDE TOPICAL","Total",613393.697078,224830.105124871
"RXDRGNAM","ind","BENZTROPINE","Total",2125536.000583,401380.246780369
"RXDRGNAM","ind","BENZYL ALCOHOL TOPICAL","Total",8010.093517,5664.02039345805
"RXDRGNAM","ind","BEPOTASTINE OPHTHALMIC","Total",102555.611069,45586.8929841318
"RXDRGNAM","ind","BESIFLOXACIN OPHTHALMIC","Total",160670.286729,56986.6210002684
"RXDRGNAM","ind","BETAMETHASONE-CALCIPOTRIENE TOPICAL","Total",135509.835141,126854.650798248
"RXDRGNAM","ind","BETAMETHASONE-CLOTRIMAZOLE TOPICAL","Total",936657.71755,225055.468124121
"RXDRGNAM","ind","BETAMETHASONE TOPICAL","Total",1161126.257759,279670.69310082
"RXDRGNAM","ind","BETHANECHOL","Total",80342.642564,56267.9574547644
"RXDRGNAM","ind","BICALUTAMIDE","Total",208046.450408,87299.1020529944
"RXDRGNAM","ind","BIFIDOBACTERIUM-LACTOBACILLUS","Total",29185.112602,29185.112602
"RXDRGNAM","ind","BIFIDOBACTERIUM INFANTIS","Total",156963.360186,156963.360186
"RXDRGNAM","ind","BILBERRY/EVENING PRIMROSE/FLAX","Total",12392.244558,12392.244558
"RXDRGNAM","ind","BIMATOPROST OPHTHALMIC","Total",2523398.574188,602289.329027735
"RXDRGNAM","ind","BIOTIN","Total",192496.847595,138763.681792871
"RXDRGNAM","ind","BISACODYL","Total",600968.982374,139744.236838649
"RXDRGNAM","ind","BISACODYL-PEG 3350 WITH ELECTROLYTES","Total",65006.147974,30459.7232841094
"RXDRGNAM","ind","BISMUTH FORMIC IODIDE TOPICAL","Total",4506.999218,4506.999218
"RXDRGNAM","ind","BISMUTH SUBCITRATE POTASSIUM/METRONIDAZO/TCN","Total",21913.406046,17771.5054279722
"RXDRGNAM","ind","BISMUTH SUBSALICYLATE/METRONIDAZOLE/TCN","Total",4911.94678,4911.94678
"RXDRGNAM","ind","BISOPROLOL","Total",1287323.957379,414759.03544005
"RXDRGNAM","ind","BISOPROLOL-HYDROCHLOROTHIAZIDE","Total",6713255.340393,937497.240056846
"RXDRGNAM","ind","BLACK COHOSH","Total",10659.017228,10659.017228
"RXDRGNAM","ind","BOCEPREVIR","Total",145890.428941,101878.591672981
"RXDRGNAM","ind","BRIMONIDINE-TIMOLOL OPHTHALMIC","Total",1392252.119033,311334.630738999
"RXDRGNAM","ind","BRIMONIDINE OPHTHALMIC","Total",2297354.626217,548242.701623221
"RXDRGNAM","ind","BRINZOLAMIDE OPHTHALMIC","Total",944314.250566,311719.217083216
"RXDRGNAM","ind","BROMFENAC OPHTHALMIC","Total",372982.813417,101633.39489448
"RXDRGNAM","ind","BROMOCRIPTINE","Total",250418.996902,152733.940550689
"RXDRGNAM","ind","BROMPHENIRAMINE","Total",4386.468001,4386.468001
"RXDRGNAM","ind","BROMPHENIRAMINE-PHENYLEPHRINE","Total",26298.069147,16071.6563433654
"RXDRGNAM","ind","BROMPHENIRAMINE-PSEUDOEPHEDRINE","Total",75055.246762,40841.5888439975
"RXDRGNAM","ind","BROMPHENIRAMINE/CARBETAPENTANE/PHENYLEPHRINE","Total",28314.002595,15556.0012098012
"RXDRGNAM","ind","BROMPHENIRAMINE/DEXTROMETHORPH/PHENYLEPHRINE","Total",199580.925254,121160.766211686
"RXDRGNAM","ind","BROMPHENIRAMINE/DEXTROMETHORPHAN/PSE","Total",599968.699624,110253.765980422
"RXDRGNAM","ind","BUDESONIDE","Total",2689491.051205,576923.549615682
"RXDRGNAM","ind","BUDESONIDE-FORMOTEROL","Total",5340427.33324,756818.238259658
"RXDRGNAM","ind","BUDESONIDE NASAL","Total",76006.374167,45229.7326267552
"RXDRGNAM","ind","BUMETANIDE","Total",1180020.862262,326407.185075205
"RXDRGNAM","ind","BUPROPION","Total",25103795.161899,2011648.02205861
"RXDRGNAM","ind","BUSPIRONE","Total",5215561.8254,867059.020936998
"RXDRGNAM","ind","BUTENAFINE TOPICAL","Total",5561.799538,5561.799538
"RXDRGNAM","ind","BUTORPHANOL","Total",378745.236454,378745.236454
"RXDRGNAM","ind","CABERGOLINE","Total",18922.046973,14558.5752295485
"RXDRGNAM","ind","CAFFEINE-ERGOTAMINE","Total",24648.646536,24648.646536
"RXDRGNAM","ind","CALAMINE TOPICAL","Total",24273.618947,16476.3511871868
"RXDRGNAM","ind","CALCIPOTRIENE TOPICAL","Total",92032.6628,43746.6643568301
"RXDRGNAM","ind","CALCITONIN","Total",700056.828593,310066.629684225
"RXDRGNAM","ind","CALCITRIOL","Total",2246750.985832,456228.991300382
"RXDRGNAM","ind","CALCITRIOL TOPICAL","Total",51999.856225,42598.4519673384
"RXDRGNAM","ind","CALCIUM-VITAMIN D","Total",2433469.535875,391427.149103933
"RXDRGNAM","ind","CALCIUM ACETATE","Total",547551.775141,199916.525331339
"RXDRGNAM","ind","CALCIUM CARBONATE","Total",1753287.86853,310944.450862623
"RXDRGNAM","ind","CALCIUM CARBONATE-MAGNESIUM CHLORIDE","Total",174447.108861,64179.1981460936
"RXDRGNAM","ind","CALCIUM LACTATE","Total",29592.867308,23524.4448784472
"RXDRGNAM","ind","CANDESARTAN","Total",639080.441343,230993.958192368
"RXDRGNAM","ind","CANDESARTAN-HYDROCHLOROTHIAZIDE","Total",153384.625132,96607.6731118695
"RXDRGNAM","ind","CAPSAICIN TOPICAL","Total",168233.622337,71694.5016776282
"RXDRGNAM","ind","CAPTOPRIL","Total",969287.374267,356888.325088713
"RXDRGNAM","ind","CARBAMAZEPINE","Total",4303184.36381,833536.019152759
"RXDRGNAM","ind","CARBAMIDE PEROXIDE OTIC","Total",571626.476474,118771.923064581
"RXDRGNAM","ind","CARBIDOPA-LEVODOPA","Total",2652333.15958,689298.579245542
"RXDRGNAM","ind","CARBIDOPA/ENTACAPONE/LEVODOPA","Total",124116.464611,60178.8291914812
"RXDRGNAM","ind","CARBINOXAMINE","Total",10237.034884,10237.034884
"RXDRGNAM","ind","CARISOPRODOL","Total",3666465.745585,603340.015774226
"RXDRGNAM","ind","CARVEDILOL","Total",22495092.21799,1646334.82651474
"RXDRGNAM","ind","CEFADROXIL","Total",164390.168821,72456.6552632726
"RXDRGNAM","ind","CEFDINIR","Total",2336708.955325,386172.790648534
"RXDRGNAM","ind","CEFIXIME","Total",127918.489053,45212.9573473344
"RXDRGNAM","ind","CEFPODOXIME","Total",42791.363519,26006.866443855
"RXDRGNAM","ind","CEFPROZIL","Total",400569.297228,109476.397146014
"RXDRGNAM","ind","CEFTRIAXONE","Total",38072.682817,28921.3929356399
"RXDRGNAM","ind","CEFUROXIME","Total",540211.809833,120547.129374836
"RXDRGNAM","ind","CELECOXIB","Total",8422090.42142,1046095.71980011
"RXDRGNAM","ind","CEPHALEXIN","Total",6235186.557477,536151.963803166
"RXDRGNAM","ind","CERTOLIZUMAB","Total",448940.024042,276203.969413953
"RXDRGNAM","ind","CETIRIZINE","Total",7493018.177579,951709.847230679
"RXDRGNAM","ind","CETIRIZINE-PSEUDOEPHEDRINE","Total",77160.574152,36113.8812780863
"RXDRGNAM","ind","CEVIMELINE","Total",50207.967258,34772.4373591289
"RXDRGNAM","ind","CHARCOAL","Total",159492.057175,56557.7842026236
"RXDRGNAM","ind","CHLOPHEDIANOL-GUAIFENESIN","Total",29715.713148,29715.713148
"RXDRGNAM","ind","CHLOPHEDIANOL/DEXBROMPHENIRAMINE/PE","Total",30544.656377,17912.2506556442
"RXDRGNAM","ind","CHLOPHEDIANOL/DEXCHLORPHENIRAMINE/PSE","Total",11499.185856,9401.74689141228
"RXDRGNAM","ind","CHLOPHEDIANOL/GUAIFENESIN/PSEUDOEPHEDRINE","Total",26125.161552,19141.4987773353
"RXDRGNAM","ind","CHLORCYCLIZINE-PSEUDOEPHEDRINE","Total",7822.845858,7822.845858
"RXDRGNAM","ind","CHLORDIAZEPOXIDE","Total",249516.413074,150344.421280719
"RXDRGNAM","ind","CHLORDIAZEPOXIDE-CLIDINIUM","Total",473274.488286,269720.131459612
"RXDRGNAM","ind","CHLORHEXIDINE TOPICAL","Total",1542547.660079,293733.450032622
"RXDRGNAM","ind","CHLOROTHIAZIDE","Total",287039.869445,245642.354832191
"RXDRGNAM","ind","CHLOROXYLENOL/HYDROCORTISONE/PRAMOXINE OTIC","Total",17218.902878,10679.4593215133
"RXDRGNAM","ind","CHLORPHENIRAMINE","Total",1089039.833309,913173.414799934
"RXDRGNAM","ind","CHLORPHENIRAMINE-HYDROCODONE","Total",678235.707856,206753.471423604
"RXDRGNAM","ind","CHLORPHENIRAMINE-PHENYLEPHRINE","Total",8809.52692,6787.56057193714
"RXDRGNAM","ind","CHLORPHENIRAMINE-PSEUDOEPHEDRINE","Total",58158.44477,43999.2733287165
"RXDRGNAM","ind","CHLORPHENIRAMINE/DEXTROMETHORP/PHENYLEPHRINE","Total",252260.700602,93672.3606813171
"RXDRGNAM","ind","CHLORPHENIRAMINE/DEXTROMETHORPHAN/PSE","Total",20900.36612,15429.1564590213
"RXDRGNAM","ind","CHLORPHENIRAMINE/HYDROCODONE/PSE","Total",7940.878677,7940.878677
"RXDRGNAM","ind","CHLORPROMAZINE","Total",610864.882431,195000.357204606
"RXDRGNAM","ind","CHLORTHALIDONE","Total",2937928.124605,659477.425917385
"RXDRGNAM","ind","CHLORZOXAZONE","Total",182071.991258,72359.4266334696
"RXDRGNAM","ind","CHOLECALCIFEROL","Total",3261343.924296,427791.781611718
"RXDRGNAM","ind","CHOLESTYRAMINE","Total",365621.128986,158428.829905585
"RXDRGNAM","ind","CHORIONIC GONADOTROPIN (HCG)","Total",349048.21256,176194.388760121
"RXDRGNAM","ind","CICLESONIDE","Total",543966.997309,277199.596499188
"RXDRGNAM","ind","CICLESONIDE NASAL","Total",560920.601796,313777.838303409
"RXDRGNAM","ind","CICLOPIROX TOPICAL","Total",320074.539941,71444.343291875
"RXDRGNAM","ind","CILOSTAZOL","Total",2802598.236429,742462.073746003
"RXDRGNAM","ind","CIMETIDINE","Total",304277.610721,141266.361345264
"RXDRGNAM","ind","CIPROFLOXACIN","Total",6469414.688082,562102.553581646
"RXDRGNAM","ind","CIPROFLOXACIN-DEXAMETHASONE OTIC","Total",954531.644848,196566.801835716
"RXDRGNAM","ind","CIPROFLOXACIN-HYDROCORTISONE OTIC","Total",90848.847926,53232.4015904804
"RXDRGNAM","ind","CIPROFLOXACIN OPHTHALMIC","Total",307597.340386,87895.5018796436
"RXDRGNAM","ind","CIPROFLOXACIN OTIC","Total",35756.692261,35756.692261
"RXDRGNAM","ind","CITALOPRAM","Total",35363802.010341,2377961.00698447
"RXDRGNAM","ind","CITRIC ACID-POTASSIUM CITRATE","Total",1082740.341955,1007820.19903607
"RXDRGNAM","ind","CLARITHROMYCIN","Total",1294563.402825,212304.305852212
"RXDRGNAM","ind","CLEMASTINE","Total",53888.110783,51344.0051636679
"RXDRGNAM","ind","CLINDAMYCIN","Total",3022300.192096,420638.649750277
"RXDRGNAM","ind","CLINDAMYCIN-TRETINOIN TOPICAL","Total",71438.254206,33721.2328410587
"RXDRGNAM","ind","CLINDAMYCIN TOPICAL","Total",1864551.139523,354310.750295909
"RXDRGNAM","ind","CLOBETASOL TOPICAL","Total",2784099.619892,439329.028166056
"RXDRGNAM","ind","CLOCORTOLONE TOPICAL","Total",12451.755863,9045.43792163447
"RXDRGNAM","ind","CLOMIPHENE","Total",290888.31643,94385.2277034322
"RXDRGNAM","ind","CLOMIPRAMINE","Total",223563.501666,168046.992207274
"RXDRGNAM","ind","CLONAZEPAM","Total",20050883.109133,1577025.09625315
"RXDRGNAM","ind","CLONIDINE","Total",11015249.730684,1072567.02927499
"RXDRGNAM","ind","CLOPIDOGREL","Total",27835210.188774,2145750.57011632
"RXDRGNAM","ind","CLORAZEPATE","Total",367065.835373,232597.44741822
"RXDRGNAM","ind","CLOTRIMAZOLE","Total",119387.136758,52498.5785276422
"RXDRGNAM","ind","CLOTRIMAZOLE TOPICAL","Total",879499.519483,135552.892344834
"RXDRGNAM","ind","CLOZAPINE","Total",844169.627971,232651.034477554
"RXDRGNAM","ind","COAL TAR TOPICAL","Total",41977.486174,24965.3729215309
"RXDRGNAM","ind","COBICISTAT/ELVITEGRAVIR/EMTRICITABINE/TENOFOV","Total",22098.866102,17068.028790011
"RXDRGNAM","ind","CODEINE","Total",211644.491455,83606.5582472714
"RXDRGNAM","ind","CODEINE-GUAIFENESIN","Total",2222000.703019,375818.402742272
"RXDRGNAM","ind","CODEINE-PROMETHAZINE","Total",780220.599601,139102.05904694
"RXDRGNAM","ind","CODEINE/GUAIFENESIN/PSEUDOEPHEDRINE","Total",142875.111778,82895.9495632446
"RXDRGNAM","ind","CODEINE/PHENYLEPHRINE/PROMETHAZINE","Total",101291.063203,35237.8685466635
"RXDRGNAM","ind","COLCHICINE","Total",2117469.148026,376713.969400484
"RXDRGNAM","ind","COLCHICINE-PROBENECID","Total",107104.275977,56324.1612672941
"RXDRGNAM","ind","COLESEVELAM","Total",884054.223686,220205.584207008
"RXDRGNAM","ind","COLESTIPOL","Total",446251.287084,158260.628513726
"RXDRGNAM","ind","COLLAGENASE TOPICAL","Total",181159.278985,129237.653894953
"RXDRGNAM","ind","CONJUGATED ESTROGENS","Total",5469177.872702,796935.262814897
"RXDRGNAM","ind","CONJUGATED ESTROGENS-MEDROXYPROGESTERONE","Total",1335021.09524,379689.968593172
"RXDRGNAM","ind","CONJUGATED ESTROGENS TOPICAL","Total",621354.502823,178373.00419024
"RXDRGNAM","ind","CORTISONE","Total",81762.329968,61630.2480946842
"RXDRGNAM","ind","CROMOLYN OPHTHALMIC","Total",15642.432547,15642.432547
"RXDRGNAM","ind","CYANOCOBALAMIN","Total",4707554.255619,1066164.79805808
"RXDRGNAM","ind","CYCLOBENZAPRINE","Total",17754309.677206,1494631.98034854
"RXDRGNAM","ind","CYCLOPENTOLATE-PHENYLEPHRINE OPHTHALMIC","Total",10568.041643,10568.041643
"RXDRGNAM","ind","CYCLOPENTOLATE OPHTHALMIC","Total",157484.598286,118603.224201525
"RXDRGNAM","ind","CYCLOSPORINE","Total",274581.355136,91838.3419875036
"RXDRGNAM","ind","CYCLOSPORINE OPHTHALMIC","Total",1870220.544035,413011.97867768
"RXDRGNAM","ind","CYPROHEPTADINE","Total",798360.94808,247097.562065118
"RXDRGNAM","ind","DABIGATRAN","Total",2749007.617992,872487.496302781
"RXDRGNAM","ind","DALTEPARIN","Total",32797.965032,23895.8809265487
"RXDRGNAM","ind","DANAZOL","Total",462107.182188,462107.182188
"RXDRGNAM","ind","DAPSONE TOPICAL","Total",269250.430642,127792.9469665
"RXDRGNAM","ind","DARIFENACIN","Total",1003889.289975,379812.144350295
"RXDRGNAM","ind","DARUNAVIR","Total",368022.441899,172261.562813089
"RXDRGNAM","ind","DASATINIB","Total",8128.62225,8128.62225
"RXDRGNAM","ind","DENOSUMAB","Total",18377.572944,13190.0934309991
"RXDRGNAM","ind","DESIPRAMINE","Total",110016.681852,110016.681852
"RXDRGNAM","ind","DESLORATADINE","Total",650121.700842,274217.398576143
"RXDRGNAM","ind","DESLORATADINE-PSEUDOEPHEDRINE","Total",119534.340652,85024.8059478473
"RXDRGNAM","ind","DESMOPRESSIN","Total",354486.797725,146541.672898019
"RXDRGNAM","ind","DESOGESTREL-ETHINYL ESTRADIOL","Total",6406161.534534,825648.488467054
"RXDRGNAM","ind","DESONIDE TOPICAL","Total",1164196.57255,261995.948263428
"RXDRGNAM","ind","DESOXIMETASONE TOPICAL","Total",158225.19135,67110.923939271
"RXDRGNAM","ind","DESVENLAFAXINE","Total",4095855.308451,922644.976810347
"RXDRGNAM","ind","DEXAMETHASONE","Total",1206867.965097,367786.927168772
"RXDRGNAM","ind","DEXAMETHASONE-TOBRAMYCIN OPHTHALMIC","Total",500826.499253,89623.1063930757
"RXDRGNAM","ind","DEXAMETHASONE OPHTHALMIC","Total",61556.879198,46683.9864848694
"RXDRGNAM","ind","DEXAMETHASONE/NEOMYCIN/POLYMYXIN B OPHTHALMIC","Total",188689.514047,60894.2121006371
"RXDRGNAM","ind","DEXCHLORPHENIRAMINE-PHENYLEPHRINE","Total",2967.621712,2967.621712
"RXDRGNAM","ind","DEXLANSOPRAZOLE","Total",5155181.453061,858192.615483768
"RXDRGNAM","ind","DEXMETHYLPHENIDATE","Total",3650128.153949,736269.753148707
"RXDRGNAM","ind","DEXTROAMPHETAMINE","Total",1339945.440957,443221.515045465
"RXDRGNAM","ind","DEXTROMETHORPHAN","Total",194796.953005,87778.8874846107
"RXDRGNAM","ind","DEXTROMETHORPHAN-GUAIFENESIN","Total",571300.715677,133521.594771024
"RXDRGNAM","ind","DEXTROMETHORPHAN-PHENYLEPHRINE","Total",18805.594168,14088.9577083058
"RXDRGNAM","ind","DEXTROMETHORPHAN-PROMETHAZINE","Total",590260.404258,125092.751570227
"RXDRGNAM","ind","DEXTROMETHORPHAN-QUINIDINE","Total",43469.4393,43469.4393
"RXDRGNAM","ind","DEXTROMETHORPHAN/GUAIFENESIN/PHENYLEPHRINE","Total",33604.447853,27117.4716480918
"RXDRGNAM","ind","DEXTROMETHORPHAN/GUAIFENESIN/PSEUDOEPHEDRINE","Total",219245.335512,108362.713605396
"RXDRGNAM","ind","DEXTROMETHORPHAN/PHENYLEPHRINE/PYRILAMINE","Total",30757.002099,24685.5116623151
"RXDRGNAM","ind","DIAZEPAM","Total",8206706.68554,1128495.14370935
"RXDRGNAM","ind","DICLOFENAC","Total",6438355.052265,901894.05050621
"RXDRGNAM","ind","DICLOFENAC-MISOPROSTOL","Total",346854.42433,141826.530121023
"RXDRGNAM","ind","DICLOFENAC OPHTHALMIC","Total",813314.637057,533259.240878302
"RXDRGNAM","ind","DICLOFENAC TOPICAL","Total",1957777.624945,400210.113352863
"RXDRGNAM","ind","DICLOXACILLIN","Total",190638.232928,63598.9590307327
"RXDRGNAM","ind","DICYCLOMINE","Total",2187722.10877,403853.806065702
"RXDRGNAM","ind","DIDANOSINE","Total",73803.631673,43988.0264686722
"RXDRGNAM","ind","DIFLORASONE TOPICAL","Total",68159.697106,38168.7869258386
"RXDRGNAM","ind","DIFLUNISAL","Total",210592.83505,116105.31263378
"RXDRGNAM","ind","DIFLUPREDNATE OPHTHALMIC","Total",350072.891794,98980.4233322549
"RXDRGNAM","ind","DIGOXIN","Total",8546746.389416,1010802.68909319
"RXDRGNAM","ind","DIHYDROERGOTAMINE","Total",8277.584805,8277.584805
"RXDRGNAM","ind","DILTIAZEM","Total",12417983.140529,1532717.47002611
"RXDRGNAM","ind","DIPHENHYDRAMINE","Total",2006631.048362,295983.511541324
"RXDRGNAM","ind","DIPHENHYDRAMINE-ZINC ACETATE TOPICAL","Total",32550.583523,14573.837694871
"RXDRGNAM","ind","DIPHENHYDRAMINE/HC/NYSTATIN TOPICAL","Total",13404.982572,4538.898928
"RXDRGNAM","ind","DIPHENHYDRAMINE/HC/NYSTATIN/TCN TOPICAL","Total",2292.607207,2292.607207
"RXDRGNAM","ind","DIPHENHYDRAMINE/LIDOCAINE/NYSTATIN TOPICAL","Total",7193.847472,7193.847472
"RXDRGNAM","ind","DIPYRIDAMOLE","Total",589567.67186,289047.342047497
"RXDRGNAM","ind","DISOPYRAMIDE","Total",95157.875816,95157.875816
"RXDRGNAM","ind","DIVALPROEX SODIUM","Total",6309600.289647,1080219.57550882
"RXDRGNAM","ind","DOCUSATE","Total",4054516.284772,623361.521440153
"RXDRGNAM","ind","DOCUSATE-SENNA","Total",713879.930228,210619.088603128
"RXDRGNAM","ind","DONEPEZIL","Total",7650470.894086,891101.56654457
"RXDRGNAM","ind","DORZOLAMIDE-TIMOLOL OPHTHALMIC","Total",1165954.949685,233930.443329129
"RXDRGNAM","ind","DORZOLAMIDE OPHTHALMIC","Total",720860.920617,221294.385267237
"RXDRGNAM","ind","DOXAZOSIN","Total",5631413.7126,773742.09946753
"RXDRGNAM","ind","DOXEPIN","Total",2066914.136972,564023.355636605
"RXDRGNAM","ind","DOXERCALCIFEROL","Total",195025.369314,138261.423113849
"RXDRGNAM","ind","DOXYCYCLINE","Total",6292506.268231,594916.031359274
"RXDRGNAM","ind","DRONABINOL","Total",27982.44994,27982.44994
"RXDRGNAM","ind","DRONEDARONE","Total",409946.953728,203060.835319809
"RXDRGNAM","ind","DROSPIRENONE-ETHINYL ESTRADIOL","Total",5838905.993081,1106501.23324331
"RXDRGNAM","ind","DROSPIRENONE/ETHINYL ESTRADIOL/LEVOMEFOLATE","Total",578547.87139,248803.441865992
"RXDRGNAM","ind","DULOXETINE","Total",16286342.394014,1710796.18699075
"RXDRGNAM","ind","DUTASTERIDE","Total",1748892.307973,499517.471910223
"RXDRGNAM","ind","DUTASTERIDE-TAMSULOSIN","Total",509193.137822,235134.998821997
"RXDRGNAM","ind","ECONAZOLE TOPICAL","Total",372324.717651,101514.231175923
"RXDRGNAM","ind","EFAVIRENZ","Total",154129.158311,77427.4760611759
"RXDRGNAM","ind","EFAVIRENZ/EMTRICITABINE/TENOFOVIR","Total",1153629.301203,290415.364574527
"RXDRGNAM","ind","EFLORNITHINE TOPICAL","Total",18820.056399,13314.5834838613
"RXDRGNAM","ind","ELECTROLYTE REPLACEMENT SOLUTIONS, ORAL","Total",68620.789328,44674.2600631943
"RXDRGNAM","ind","ELETRIPTAN","Total",1975703.259741,1001475.32171266
"RXDRGNAM","ind","EMOLLIENTS, TOPICAL","Total",1133618.153176,183300.987649437
"RXDRGNAM","ind","EMTRICITABINE","Total",571607.772121,321532.959856154
"RXDRGNAM","ind","EMTRICITABINE-TENOFOVIR","Total",524894.825423,214336.188857388
"RXDRGNAM","ind","EMTRICITABINE/RILPIVIRINE/TENOFOVIR","Total",154194.389271,84123.4759886338
"RXDRGNAM","ind","ENALAPRIL","Total",7388827.477194,850933.920525717
"RXDRGNAM","ind","ENALAPRIL-HYDROCHLOROTHIAZIDE","Total",368505.495315,212833.316023439
"RXDRGNAM","ind","ENOXAPARIN","Total",1149328.836343,431497.409479029
"RXDRGNAM","ind","ENTACAPONE","Total",207510.030418,119249.7500844
"RXDRGNAM","ind","ENTECAVIR","Total",235841.618284,127160.792576623
"RXDRGNAM","ind","EPINASTINE OPHTHALMIC","Total",168385.118528,163601.748619268
"RXDRGNAM","ind","EPINEPHRINE","Total",883421.569426,153984.241224416
"RXDRGNAM","ind","EPLERENONE","Total",36735.927699,36735.927699
"RXDRGNAM","ind","EPOETIN ALFA","Total",552870.538177,235754.633426181
"RXDRGNAM","ind","EPROSARTAN","Total",18559.067788,18559.067788
"RXDRGNAM","ind","ERGOCALCIFEROL","Total",9859640.17153,1067859.50878791
"RXDRGNAM","ind","ERYTHROMYCIN","Total",807416.646068,156698.494434949
"RXDRGNAM","ind","ERYTHROMYCIN OPHTHALMIC","Total",361767.404048,75943.7132601303
"RXDRGNAM","ind","ERYTHROMYCIN TOPICAL","Total",146977.483232,101074.399219464
"RXDRGNAM","ind","ESCITALOPRAM","Total",18724875.376887,2058669.81499827
"RXDRGNAM","ind","ESOMEPRAZOLE","Total",18638200.715399,1736074.6930066
"RXDRGNAM","ind","ESTAZOLAM","Total",160233.674708,113315.534099692
"RXDRGNAM","ind","ESTERIFIED ESTROGENS-METHYLTESTOSTERONE","Total",805371.735641,295201.24571444
"RXDRGNAM","ind","ESTRADIOL","Total",9701211.809901,1052773.41500665
"RXDRGNAM","ind","ESTRADIOL-LEVONORGESTREL","Total",305247.190021,148212.592510895
"RXDRGNAM","ind","ESTRADIOL-NORETHINDRONE","Total",1186940.39638,384461.887906847
"RXDRGNAM","ind","ESTRADIOL TOPICAL","Total",1930638.294972,493609.654358133
"RXDRGNAM","ind","ESTRIOL","Total",18772.250094,18772.250094
"RXDRGNAM","ind","ESTROPIPATE","Total",1130424.695072,999224.428336396
"RXDRGNAM","ind","ESZOPICLONE","Total",1861885.595177,530932.771366178
"RXDRGNAM","ind","ETANERCEPT","Total",1483348.605213,478708.217183579
"RXDRGNAM","ind","ETHACRYNIC ACID","Total",41885.181996,41885.181996
"RXDRGNAM","ind","ETHINYL ESTRADIOL-ETHYNODIOL","Total",641964.071074,224105.264110948
"RXDRGNAM","ind","ETHINYL ESTRADIOL-ETONOGESTREL","Total",3210686.047757,558282.589028807
"RXDRGNAM","ind","ETHINYL ESTRADIOL-LEVONORGESTREL","Total",7198741.283666,906259.167893709
"RXDRGNAM","ind","ETHINYL ESTRADIOL-NORELGESTROMIN","Total",808245.890978,345051.081753676
"RXDRGNAM","ind","ETHINYL ESTRADIOL-NORETHINDRONE","Total",17583740.075285,2023916.43584851
"RXDRGNAM","ind","ETHINYL ESTRADIOL-NORGESTIMATE","Total",16981046.858951,2102010.85959776
"RXDRGNAM","ind","ETHINYL ESTRADIOL-NORGESTREL","Total",980646.004437,320484.268789368
"RXDRGNAM","ind","ETHOSUXIMIDE","Total",132190.167473,82884.3819885606
"RXDRGNAM","ind","ETODOLAC","Total",1459749.02899,332285.656464871
"RXDRGNAM","ind","ETRAVIRINE","Total",50867.190506,50867.190506
"RXDRGNAM","ind","EXEMESTANE","Total",423831.734486,179169.798159608
"RXDRGNAM","ind","EXENATIDE","Total",463038.227806,165778.448748247
"RXDRGNAM","ind","EZETIMIBE","Total",8111652.541581,889841.625950997
"RXDRGNAM","ind","EZETIMIBE-SIMVASTATIN","Total",5007526.990649,815174.351341991
"RXDRGNAM","ind","FAMCICLOVIR","Total",100298.579272,60413.8611930632
"RXDRGNAM","ind","FAMOTIDINE","Total",5401440.672315,885027.008186901
"RXDRGNAM","ind","FAMOTIDINE-IBUPROFEN","Total",43237.465896,27322.7593553614
"RXDRGNAM","ind","FEBUXOSTAT","Total",653514.157802,231368.578982286
"RXDRGNAM","ind","FELODIPINE","Total",1657655.015741,419662.974828857
"RXDRGNAM","ind","FENOFIBRATE","Total",16209460.502564,1902512.70106867
"RXDRGNAM","ind","FENOFIBRIC ACID","Total",3377347.641552,624988.862963611
"RXDRGNAM","ind","FENTANYL","Total",4842343.37753,885379.768202097
"RXDRGNAM","ind","FERROUS FUMARATE","Total",59021.843269,56712.3727854679
"RXDRGNAM","ind","FERROUS FUMARATE-FOLIC ACID","Total",63098.548228,48262.6974592835
"RXDRGNAM","ind","FERROUS GLUCONATE","Total",468945.214157,187278.325940701
"RXDRGNAM","ind","FERROUS SULFATE","Total",8433570.05332,1034027.5880756
"RXDRGNAM","ind","FESOTERODINE","Total",434776.574541,173525.402463981
"RXDRGNAM","ind","FEXOFENADINE","Total",3880452.951441,748503.635114438
"RXDRGNAM","ind","FEXOFENADINE-PSEUDOEPHEDRINE","Total",145152.220738,67069.6436048379
"RXDRGNAM","ind","FINASTERIDE","Total",7462811.350947,1109411.73816776
"RXDRGNAM","ind","FLECAINIDE","Total",1098036.285056,313070.409335792
"RXDRGNAM","ind","FLUCONAZOLE","Total",2845829.667168,307451.686678668
"RXDRGNAM","ind","FLUDROCORTISONE","Total",1158356.53876,375188.784155851
"RXDRGNAM","ind","FLUNISOLIDE NASAL","Total",401148.753195,157458.81844626
"RXDRGNAM","ind","FLUOCINOLONE OTIC","Total",192216.710365,139009.099652664
"RXDRGNAM","ind","FLUOCINOLONE TOPICAL","Total",288312.044502,107120.941846014
"RXDRGNAM","ind","FLUOCINONIDE TOPICAL","Total",1355985.168132,356728.682726542
"RXDRGNAM","ind","FLUORIDE","Total",1133607.349816,342765.574601441
"RXDRGNAM","ind","FLUORIDE TOPICAL","Total",855329.540097,216063.679803074
"RXDRGNAM","ind","FLUOROMETHOLONE OPHTHALMIC","Total",246567.141061,72632.489077696
"RXDRGNAM","ind","FLUOROURACIL TOPICAL","Total",457199.277661,139451.342539839
"RXDRGNAM","ind","FLUOXETINE","Total",26457969.585473,2092994.05714761
"RXDRGNAM","ind","FLUOXETINE-OLANZAPINE","Total",66921.086616,25548.5482493242
"RXDRGNAM","ind","FLUPHENAZINE","Total",29658.407076,29658.407076
"RXDRGNAM","ind","FLURANDRENOLIDE TOPICAL","Total",32451.969731,27990.8705074586
"RXDRGNAM","ind","FLURAZEPAM","Total",80804.896243,67844.2650963499
"RXDRGNAM","ind","FLURBIPROFEN","Total",253231.146739,144037.008450869
"RXDRGNAM","ind","FLURBIPROFEN OPHTHALMIC","Total",220526.607567,103460.590590603
"RXDRGNAM","ind","FLUTICASONE","Total",4477395.024554,629236.668829092
"RXDRGNAM","ind","FLUTICASONE-SALMETEROL","Total",20128605.157835,1828302.39011068
"RXDRGNAM","ind","FLUTICASONE NASAL","Total",15426719.736317,1170889.10621129
"RXDRGNAM","ind","FLUTICASONE TOPICAL","Total",1935631.534442,650472.347370652
"RXDRGNAM","ind","FLUVASTATIN","Total",552493.846512,212395.868426148
"RXDRGNAM","ind","FLUVOXAMINE","Total",448884.228627,155748.545090782
"RXDRGNAM","ind","FOLIC ACID","Total",8299332.468684,923688.161174898
"RXDRGNAM","ind","FOLLICLE STIMULATING HORMONE","Total",115548.138462,93624.2894021164
"RXDRGNAM","ind","FONDAPARINUX","Total",18425.863453,14900.4943560201
"RXDRGNAM","ind","FORMOTEROL","Total",563316.21122,205265.839995801
"RXDRGNAM","ind","FORMOTEROL-MOMETASONE","Total",1213724.467427,287019.80335733
"RXDRGNAM","ind","FOSINOPRIL","Total",1372069.841449,463445.939751692
"RXDRGNAM","ind","FOSINOPRIL-HYDROCHLOROTHIAZIDE","Total",308293.331726,259101.376080957
"RXDRGNAM","ind","FROVATRIPTAN","Total",65591.984874,49806.2261315018
"RXDRGNAM","ind","FUROSEMIDE","Total",35317388.809626,2222553.25948316
"RXDRGNAM","ind","GABAPENTIN","Total",33033183.345208,2330776.14175904
"RXDRGNAM","ind","GALANTAMINE","Total",655508.695095,251853.149158025
"RXDRGNAM","ind","GANCICLOVIR OPHTHALMIC","Total",32732.398651,32732.398651
"RXDRGNAM","ind","GANIRELIX","Total",92134.735584,92134.735584
"RXDRGNAM","ind","GATIFLOXACIN OPHTHALMIC","Total",275380.963514,77845.6466198758
"RXDRGNAM","ind","GEMFIBROZIL","Total",6266122.940777,808729.456442173
"RXDRGNAM","ind","GENTAMICIN OPHTHALMIC","Total",290447.774797,69499.2047542361
"RXDRGNAM","ind","GENTAMICIN TOPICAL","Total",123157.428541,54152.576818269
"RXDRGNAM","ind","GLATIRAMER","Total",334489.646673,215471.901155914
"RXDRGNAM","ind","GLIMEPIRIDE","Total",10204250.582276,1040958.82041891
"RXDRGNAM","ind","GLIMEPIRIDE-PIOGLITAZONE","Total",91559.537974,60854.9635455182
"RXDRGNAM","ind","GLIPIZIDE","Total",17366569.410248,1348479.01823769
"RXDRGNAM","ind","GLIPIZIDE-METFORMIN","Total",545745.358563,197887.644437374
"RXDRGNAM","ind","GLUCAGON","Total",166346.655899,97397.007542106
"RXDRGNAM","ind","GLYBURIDE","Total",10587942.880311,1271496.80240075
"RXDRGNAM","ind","GLYBURIDE-METFORMIN","Total",3699137.40309,800955.712870151
"RXDRGNAM","ind","GLYCERIN","Total",44983.548553,31578.3789063202
"RXDRGNAM","ind","GLYCOPYRROLATE","Total",632016.439659,299836.624405957
"RXDRGNAM","ind","GRANISETRON","Total",44014.134973,44014.134973
"RXDRGNAM","ind","GRISEOFULVIN","Total",185798.302961,61770.0831678314
"RXDRGNAM","ind","GUAIFENESIN","Total",1821061.185841,236882.416085387
"RXDRGNAM","ind","GUAIFENESIN-PHENYLEPHRINE","Total",34680.233952,19370.1009176479
"RXDRGNAM","ind","GUAIFENESIN-PSEUDOEPHEDRINE","Total",101141.065905,49969.1879239978
"RXDRGNAM","ind","GUANFACINE","Total",2949662.766746,561242.885956775
"RXDRGNAM","ind","HALCINONIDE TOPICAL","Total",11906.716604,11906.716604
"RXDRGNAM","ind","HALOBETASOL TOPICAL","Total",113956.862281,39323.718493411
"RXDRGNAM","ind","HALOPERIDOL","Total",781188.358705,227010.367427899
"RXDRGNAM","ind","HEPARIN","Total",129675.414166,87439.8366382345
"RXDRGNAM","ind","HOMATROPINE-HYDROCODONE","Total",4585349.630394,578668.59173989
"RXDRGNAM","ind","HOMATROPINE OPHTHALMIC","Total",71191.226828,36874.0823750859
"RXDRGNAM","ind","HYALURONAN","Total",6925.251483,6925.251483
"RXDRGNAM","ind","HYDRALAZINE","Total",4326679.712872,679041.236752799
"RXDRGNAM","ind","HYDRALAZINE-ISOSORBIDE DINITRATE","Total",34356.103607,23752.3665094786
"RXDRGNAM","ind","HYDROCHLOROTHIAZIDE","Total",49560632.897523,2529958.81950087
"RXDRGNAM","ind","HYDROCHLOROTHIAZIDE-IRBESARTAN","Total",778399.757453,210747.861263843
"RXDRGNAM","ind","HYDROCHLOROTHIAZIDE-LISINOPRIL","Total",21720664.108344,2007312.21262401
"RXDRGNAM","ind","HYDROCHLOROTHIAZIDE-LOSARTAN","Total",10437135.262638,1181174.2822782
"RXDRGNAM","ind","HYDROCHLOROTHIAZIDE-METOPROLOL","Total",510348.8983,146947.625068342
"RXDRGNAM","ind","HYDROCHLOROTHIAZIDE-MOEXIPRIL","Total",238231.309971,144410.664916549
"RXDRGNAM","ind","HYDROCHLOROTHIAZIDE-OLMESARTAN","Total",3510345.903138,721204.08522314
"RXDRGNAM","ind","HYDROCHLOROTHIAZIDE-QUINAPRIL","Total",623833.262835,359464.933643852
"RXDRGNAM","ind","HYDROCHLOROTHIAZIDE-SPIRONOLACTONE","Total",402416.057807,241208.488912198
"RXDRGNAM","ind","HYDROCHLOROTHIAZIDE-TELMISARTAN","Total",985125.087947,340219.906329622
"RXDRGNAM","ind","HYDROCHLOROTHIAZIDE-TRIAMTERENE","Total",10631381.642999,1139169.21798815
"RXDRGNAM","ind","HYDROCHLOROTHIAZIDE-VALSARTAN","Total",8003559.663272,1015099.66225941
"RXDRGNAM","ind","HYDROCODONE-IBUPROFEN","Total",715171.61606,270348.740889776
"RXDRGNAM","ind","HYDROCORTISONE","Total",787150.275655,287007.152579372
"RXDRGNAM","ind","HYDROCORTISONE-LIDOCAINE TOPICAL","Total",7487.982706,7487.982706
"RXDRGNAM","ind","HYDROCORTISONE-PRAMOXINE TOPICAL","Total",189728.084853,70990.7384937148
"RXDRGNAM","ind","HYDROCORTISONE TOPICAL","Total",3405467.050954,375855.895864071
"RXDRGNAM","ind","HYDROCORTISONE/NEOMYCIN/POLYMYXIN B OPHTH","Total",559614.773519,124227.456612734
"RXDRGNAM","ind","HYDROCORTISONE/NEOMYCIN/POLYMYXIN B OTIC","Total",851724.685944,191973.37695856
"RXDRGNAM","ind","HYDROGEN PEROXIDE TOPICAL","Total",29154.645465,16971.4284283025
"RXDRGNAM","ind","HYDROMORPHONE","Total",1608541.720265,406430.330464344
"RXDRGNAM","ind","HYDROQUINONE TOPICAL","Total",54972.340496,24073.9096208801
"RXDRGNAM","ind","HYDROXYCHLOROQUINE","Total",5134165.260232,1079947.36713765
"RXDRGNAM","ind","HYDROXYPROPYL METHYLCELLULOSE OPHTHALMIC","Total",43991.293489,20710.9196304483
"RXDRGNAM","ind","HYDROXYZINE","Total",6678873.924344,845611.29476589
"RXDRGNAM","ind","HYOSCYAMINE","Total",1122378.838472,376145.170930547
"RXDRGNAM","ind","HYOSCYAMINE/METHENAM/M-BLUE/SODIUM BIPHOSPHAT","Total",23950.261148,23950.261148
"RXDRGNAM","ind","IBANDRONATE","Total",1692304.849783,416049.596410973
"RXDRGNAM","ind","IBUPROFEN","Total",20511159.187773,1269965.24626194
"RXDRGNAM","ind","IMIPRAMINE","Total",835050.258804,327553.964382736
"RXDRGNAM","ind","IMIQUIMOD TOPICAL","Total",247617.918151,89087.5845964825
"RXDRGNAM","ind","INDAPAMIDE","Total",2002402.713136,968127.534082009
"RXDRGNAM","ind","INDOMETHACIN","Total",2126175.378952,446971.942851915
"RXDRGNAM","ind","INFLUENZA VIRUS VACCINE, INACTIVATED","Total",63415.818063,27150.0915983588
"RXDRGNAM","ind","INGENOL TOPICAL","Total",21261.393323,15034.2637545955
"RXDRGNAM","ind","INSULIN ASPART","Total",8181122.537485,1104964.11215187
"RXDRGNAM","ind","INSULIN ASPART-INSULIN ASPART PROTAMINE","Total",1421563.585475,296310.592561629
"RXDRGNAM","ind","INSULIN DETEMIR","Total",4142828.302384,685445.044522622
"RXDRGNAM","ind","INSULIN GLARGINE","Total",19598818.498028,1830435.59004083
"RXDRGNAM","ind","INSULIN GLULISINE","Total",949264.254927,360944.871233034
"RXDRGNAM","ind","INSULIN ISOPHANE","Total",16340301.713771,1564584.26543254
"RXDRGNAM","ind","INSULIN ISOPHANE-INSULIN REGULAR","Total",2623647.612315,559901.077828856
"RXDRGNAM","ind","INSULIN LISPRO","Total",6045369.887054,1001379.68316754
"RXDRGNAM","ind","INSULIN LISPRO-INSULIN LISPRO PROTAMINE","Total",965175.852005,347623.487044723
"RXDRGNAM","ind","INSULIN REGULAR","Total",1136922.572797,354776.769824446
"RXDRGNAM","ind","INTERFERON BETA-1A","Total",1140106.940571,421696.542745754
"RXDRGNAM","ind","IPRATROPIUM","Total",2146500.119967,451993.540717246
"RXDRGNAM","ind","IPRATROPIUM NASAL","Total",254270.43787,107417.018610134
"RXDRGNAM","ind","IRBESARTAN","Total",3861701.238506,869532.383534
"RXDRGNAM","ind","IRON DEXTRAN","Total",58181.751426,58181.751426
"RXDRGNAM","ind","IRON POLYSACCHARIDE","Total",284331.216583,192668.702696578
"RXDRGNAM","ind","ISONIAZID","Total",89425.916387,45439.3451625119
"RXDRGNAM","ind","ISOSORBIDE DINITRATE","Total",886865.15479,192089.105001508
"RXDRGNAM","ind","ISOSORBIDE MONONITRATE","Total",6886670.343896,963234.952044954
"RXDRGNAM","ind","ISOTRETINOIN","Total",1466142.176985,491157.877137895
"RXDRGNAM","ind","ISRADIPINE","Total",39023.565955,33326.362287723
"RXDRGNAM","ind","ITRACONAZOLE","Total",113997.382379,88356.1495529439
"RXDRGNAM","ind","IVERMECTIN","Total",12380.758278,12380.758278
"RXDRGNAM","ind","KETOCONAZOLE","Total",281323.742659,89342.6058100227
"RXDRGNAM","ind","KETOCONAZOLE TOPICAL","Total",1057505.665202,344937.614387301
"RXDRGNAM","ind","KETOPROFEN","Total",316569.405302,123080.197786795
"RXDRGNAM","ind","KETOROLAC","Total",596560.770792,122099.398714245
"RXDRGNAM","ind","KETOROLAC OPHTHALMIC","Total",286795.086484,84203.0094549757
"RXDRGNAM","ind","KETOTIFEN OPHTHALMIC","Total",127669.10932,80461.8027666361
"RXDRGNAM","ind","L-METHYLFOLATE","Total",261517.616622,151569.569095231
"RXDRGNAM","ind","LABETALOL","Total",3726486.016836,723259.212279472
"RXDRGNAM","ind","LACOSAMIDE","Total",564682.677241,319800.176030338
"RXDRGNAM","ind","LACTOBACILLUS ACIDOPHILUS","Total",317468.080664,134833.035291167
"RXDRGNAM","ind","LACTOBACILLUS ACIDOPHILUS AND BULGARICUS","Total",10776.533978,7725.61379092071
"RXDRGNAM","ind","LACTOBACILLUS RHAMNOSUS GG","Total",7478.570042,7478.570042
"RXDRGNAM","ind","LACTULOSE","Total",1716282.605401,494778.313551121
"RXDRGNAM","ind","LAMIVUDINE","Total",259873.658805,164660.217497003
"RXDRGNAM","ind","LAMIVUDINE-ZIDOVUDINE","Total",159969.247271,93642.5855773527
"RXDRGNAM","ind","LAMOTRIGINE","Total",7573208.439229,1084206.0849137
"RXDRGNAM","ind","LANOLIN TOPICAL","Total",15313.618183,8958.44125598195
"RXDRGNAM","ind","LANSOPRAZOLE","Total",7132742.12557,962842.512676341
"RXDRGNAM","ind","LANTHANUM CARBONATE","Total",93997.77522,68983.2507959525
"RXDRGNAM","ind","LATANOPROST OPHTHALMIC","Total",6354638.139388,1011411.03837623
"RXDRGNAM","ind","LEFLUNOMIDE","Total",822555.371277,190595.01874139
"RXDRGNAM","ind","LETROZOLE","Total",1053899.434505,406687.6508515
"RXDRGNAM","ind","LEUPROLIDE","Total",204918.463296,91366.0990488376
"RXDRGNAM","ind","LEVALBUTEROL","Total",3162939.455815,527813.075882009
"RXDRGNAM","ind","LEVETIRACETAM","Total",4475928.04166,799117.619481922
"RXDRGNAM","ind","LEVOBUNOLOL OPHTHALMIC","Total",330582.734816,179094.602384971
"RXDRGNAM","ind","LEVOCETIRIZINE","Total",2661687.177385,699872.493339704
"RXDRGNAM","ind","LEVOFLOXACIN","Total",3207952.445386,493120.29274938
"RXDRGNAM","ind","LEVOFLOXACIN OPHTHALMIC","Total",23097.959269,16591.8487515252
"RXDRGNAM","ind","LEVONORGESTREL","Total",82463.609788,50433.7417194705
"RXDRGNAM","ind","LEVOTHYROXINE","Total",96920254.717162,4959545.54075149
"RXDRGNAM","ind","LIDOCAINE","Total",77813.313851,57547.8000518937
"RXDRGNAM","ind","LIDOCAINE-PRILOCAINE TOPICAL","Total",170072.594016,69651.3577611004
"RXDRGNAM","ind","LIDOCAINE TOPICAL","Total",2615448.997693,479122.481838389
"RXDRGNAM","ind","LINAGLIPTIN","Total",85455.984025,42520.2949035467
"RXDRGNAM","ind","LINAGLIPTIN-METFORMIN","Total",11931.521874,11931.521874
"RXDRGNAM","ind","LINEZOLID","Total",58536.651342,31453.6279563744
"RXDRGNAM","ind","LIOTHYRONINE","Total",1231227.221573,378544.768378371
"RXDRGNAM","ind","LIOTRIX","Total",102145.920022,93509.9569292491
"RXDRGNAM","ind","LIRAGLUTIDE","Total",1739574.548882,429330.830908456
"RXDRGNAM","ind","LISDEXAMFETAMINE","Total",8147284.82674,1429021.43476452
"RXDRGNAM","ind","LISINOPRIL","Total",102527339.606297,4596992.75072301
"RXDRGNAM","ind","LITHIUM","Total",4194375.023399,827071.612769903
"RXDRGNAM","ind","LOPERAMIDE","Total",583535.097642,152591.248725008
"RXDRGNAM","ind","LOPINAVIR-RITONAVIR","Total",148115.824508,76182.93306912
"RXDRGNAM","ind","LORATADINE","Total",7701772.132831,819641.430175323
"RXDRGNAM","ind","LORATADINE-PSEUDOEPHEDRINE","Total",841218.332968,226626.203965246
"RXDRGNAM","ind","LORAZEPAM","Total",15588739.460037,1519909.51177542
"RXDRGNAM","ind","LOSARTAN","Total",25418322.37285,1648011.07057492
"RXDRGNAM","ind","LOTEPREDNOL-TOBRAMYCIN OPHTHALMIC","Total",52508.256907,26533.5240104849
"RXDRGNAM","ind","LOTEPREDNOL OPHTHALMIC","Total",1101188.367924,394983.998599857
"RXDRGNAM","ind","LOVASTATIN","Total",16030773.281879,1315071.52388922
"RXDRGNAM","ind","LOVASTATIN-NIACIN","Total",70446.221942,46657.8471832517
"RXDRGNAM","ind","LOXAPINE","Total",13725.02351,13725.02351
"RXDRGNAM","ind","LUBIPROSTONE","Total",940133.873878,309148.505253401
"RXDRGNAM","ind","LURASIDONE","Total",218878.412223,155789.573045792
"RXDRGNAM","ind","LVP SOLUTION WITH HYPERTONIC SALINE","Total",6487.983666,6487.983666
"RXDRGNAM","ind","MAGNESIUM CITRATE","Total",13412.769077,13412.769077
"RXDRGNAM","ind","MAGNESIUM HYDROXIDE","Total",38806.137623,30804.2808009848
"RXDRGNAM","ind","MAGNESIUM OXIDE","Total",2566857.650048,540890.207468109
"RXDRGNAM","ind","MAGNESIUM/POTASSIUM/SODIUM SULFATES","Total",86340.432755,38171.6486220715
"RXDRGNAM","ind","MALATHION TOPICAL","Total",12287.0463,12287.0463
"RXDRGNAM","ind","MEBENDAZOLE","Total",99906.698599,94472.1337978677
"RXDRGNAM","ind","MECLIZINE","Total",3388270.546508,587747.490184851
"RXDRGNAM","ind","MECLOFENAMATE","Total",53730.641841,53730.641841
"RXDRGNAM","ind","MEDROXYPROGESTERONE","Total",2889250.11209,1061208.886381
"RXDRGNAM","ind","MEFENAMIC ACID","Total",2708.465448,2708.465448
"RXDRGNAM","ind","MEFLOQUINE","Total",23896.150502,23896.150502
"RXDRGNAM","ind","MEGESTROL","Total",598505.03979,130937.722156225
"RXDRGNAM","ind","MELATONIN","Total",282369.170277,136023.304726442
"RXDRGNAM","ind","MELOXICAM","Total",17595634.588682,1405451.41177251
"RXDRGNAM","ind","MEMANTINE","Total",3391901.820325,660719.356969332
"RXDRGNAM","ind","MENOTROPINS","Total",96783.564248,50616.1255953268
"RXDRGNAM","ind","MENTHOL-ZINC OXIDE TOPICAL","Total",31114.853988,22786.9145760691
"RXDRGNAM","ind","MENTHOL TOPICAL","Total",14368.283553,10181.7368559609
"RXDRGNAM","ind","MEPERIDINE","Total",498868.666755,282850.250971112
"RXDRGNAM","ind","MERCAPTOPURINE","Total",578014.793403,367734.252800752
"RXDRGNAM","ind","MESALAMINE","Total",3407735.600141,881486.65093233
"RXDRGNAM","ind","MESTRANOL-NORETHINDRONE","Total",106573.97842,106573.97842
"RXDRGNAM","ind","METAXALONE","Total",1253964.133681,211800.360611149
"RXDRGNAM","ind","METFORMIN","Total",76907499.031062,3580054.81954748
"RXDRGNAM","ind","METFORMIN-PIOGLITAZONE","Total",798865.883482,228518.332109354
"RXDRGNAM","ind","METFORMIN-SAXAGLIPTIN","Total",831458.326595,348076.518502579
"RXDRGNAM","ind","METFORMIN-SITAGLIPTIN","Total",2889431.564202,611227.002977673
"RXDRGNAM","ind","METHADONE","Total",5197551.150099,1515877.10404429
"RXDRGNAM","ind","METHENAMINE","Total",52360.370587,40423.8734864929
"RXDRGNAM","ind","METHIMAZOLE","Total",2233517.56426,551248.502024735
"RXDRGNAM","ind","METHOCARBAMOL","Total",4398868.903869,666211.041791045
"RXDRGNAM","ind","METHOTREXATE","Total",2544498.003703,536063.63530891
"RXDRGNAM","ind","METHOXSALEN","Total",13854.914765,13854.914765
"RXDRGNAM","ind","METHYL SALICYLATE TOPICAL","Total",27141.010352,19533.8465995031
"RXDRGNAM","ind","METHYLDOPA","Total",263923.184734,103026.10142405
"RXDRGNAM","ind","METHYLERGONOVINE","Total",40526.233195,40526.233195
"RXDRGNAM","ind","METHYLPHENIDATE","Total",13945942.04371,1589549.80802582
"RXDRGNAM","ind","METHYLPREDNISOLONE","Total",3169974.586237,433264.150973469
"RXDRGNAM","ind","METOCLOPRAMIDE","Total",2434948.439873,470102.710473266
"RXDRGNAM","ind","METOLAZONE","Total",1146398.589092,327688.294788644
"RXDRGNAM","ind","METOPROLOL","Total",69750736.485858,3382514.59542339
"RXDRGNAM","ind","METRONIDAZOLE","Total",2023695.159541,219855.054760514
"RXDRGNAM","ind","METRONIDAZOLE TOPICAL","Total",1478780.663077,270638.272208614
"RXDRGNAM","ind","MICONAZOLE-ZINC OXIDE TOPICAL","Total",14349.404398,14349.404398
"RXDRGNAM","ind","MICONAZOLE TOPICAL","Total",111750.045292,36183.7327539108
"RXDRGNAM","ind","MIDODRINE","Total",630796.848056,295346.447277988
"RXDRGNAM","ind","MIGLITOL","Total",103405.258748,86402.485774271
"RXDRGNAM","ind","MILNACIPRAN","Total",718278.756905,286545.51121992
"RXDRGNAM","ind","MINERAL OIL","Total",12194.331198,12194.331198
"RXDRGNAM","ind","MINOCYCLINE","Total",2364751.586784,383452.283562814
"RXDRGNAM","ind","MINOXIDIL","Total",741810.51545,250517.737122289
"RXDRGNAM","ind","MIRTAZAPINE","Total",4923878.838427,747614.892466853
"RXDRGNAM","ind","MISOPROSTOL","Total",650117.833156,254405.70195093
"RXDRGNAM","ind","MODAFINIL","Total",1895554.500155,608600.231862265
"RXDRGNAM","ind","MOEXIPRIL","Total",241115.812012,202663.842061253
"RXDRGNAM","ind","MOMETASONE","Total",2145536.39712,460686.483096133
"RXDRGNAM","ind","MOMETASONE NASAL","Total",7489174.224642,1119495.1509806
"RXDRGNAM","ind","MOMETASONE TOPICAL","Total",891283.446321,245701.796615939
"RXDRGNAM","ind","MONTELUKAST","Total",24428206.079597,2168524.31493142
"RXDRGNAM","ind","MORPHINE","Total",6931373.447066,1081841.29281036
"RXDRGNAM","ind","MOXIFLOXACIN","Total",844300.824963,258031.719015544
"RXDRGNAM","ind","MOXIFLOXACIN OPHTHALMIC","Total",951771.987003,143600.872520444
"RXDRGNAM","ind","MULTIVITAMIN","Total",4470175.644609,578280.893927767
"RXDRGNAM","ind","MULTIVITAMIN WITH FLUORIDE","Total",738429.126695,252411.745047531
"RXDRGNAM","ind","MULTIVITAMIN WITH IRON","Total",858804.680847,302638.460640511
"RXDRGNAM","ind","MULTIVITAMIN WITH IRON AND FLUORIDE","Total",84727.706018,50506.5712549214
"RXDRGNAM","ind","MULTIVITAMIN WITH MINERALS","Total",1806170.857147,339862.896129357
"RXDRGNAM","ind","MULTIVITAMIN, PRENATAL","Total",6602257.834232,890901.606868008
"RXDRGNAM","ind","MUPIROCIN TOPICAL","Total",2531864.354433,407752.728241008
"RXDRGNAM","ind","MYCOPHENOLATE MOFETIL","Total",2480069.279873,776362.085643558
"RXDRGNAM","ind","MYCOPHENOLIC ACID","Total",971384.515981,583886.540778313
"RXDRGNAM","ind","NABUMETONE","Total",1932471.905358,349315.539665312
"RXDRGNAM","ind","NADOLOL","Total",1412980.504346,329832.862497713
"RXDRGNAM","ind","NAFTIFINE TOPICAL","Total",177790.268367,79803.0418706557
"RXDRGNAM","ind","NAPHAZOLINE-PHENIRAMINE OPHTHALMIC","Total",607216.610781,178468.592751621
"RXDRGNAM","ind","NAPROXEN","Total",14083082.703304,1324117.02207624
"RXDRGNAM","ind","NAPROXEN-SUMATRIPTAN","Total",335900.690406,171919.25049395
"RXDRGNAM","ind","NARATRIPTAN","Total",140144.931677,97033.6523802834
"RXDRGNAM","ind","NATEGLINIDE","Total",682182.41122,276290.235310434
"RXDRGNAM","ind","NEBIVOLOL","Total",7290424.689633,928515.204376741
"RXDRGNAM","ind","NEFAZODONE","Total",72649.358818,52525.4169115614
"RXDRGNAM","ind","NEOMYCIN","Total",98277.016756,44691.873972795
"RXDRGNAM","ind","NEPAFENAC OPHTHALMIC","Total",416711.783112,111931.528648924
"RXDRGNAM","ind","NEVIRAPINE","Total",298200.084012,201390.727274255
"RXDRGNAM","ind","NIACIN","Total",6379837.243617,863204.916004201
"RXDRGNAM","ind","NIACIN-SIMVASTATIN","Total",399200.007589,141347.52411775
"RXDRGNAM","ind","NICOTINE","Total",314910.423863,120690.469931835
"RXDRGNAM","ind","NIFEDIPINE","Total",6027248.978754,711742.593426234
"RXDRGNAM","ind","NISOLDIPINE","Total",177197.554867,103524.760046672
"RXDRGNAM","ind","NITROFURANTOIN","Total",2901347.847122,713008.139568606
"RXDRGNAM","ind","NITROGLYCERIN","Total",5271545.73437,846277.030048522
"RXDRGNAM","ind","NIZATIDINE","Total",438263.518566,152779.07702825
"RXDRGNAM","ind","NORETHINDRONE","Total",2502258.91622,493771.49173247
"RXDRGNAM","ind","NORTRIPTYLINE","Total",2729290.465598,639991.103187774
"RXDRGNAM","ind","NYSTATIN","Total",739553.343282,215929.442477924
"RXDRGNAM","ind","NYSTATIN-TRIAMCINOLONE TOPICAL","Total",437067.484884,149649.2539047
"RXDRGNAM","ind","NYSTATIN TOPICAL","Total",1105832.25257,175613.411501455
"RXDRGNAM","ind","OCULAR LUBRICANT","Total",913230.549053,158125.861928006
"RXDRGNAM","ind","OFLOXACIN OPHTHALMIC","Total",288906.048142,77154.7984884
"RXDRGNAM","ind","OFLOXACIN OTIC","Total",637314.907648,154924.849545376
"RXDRGNAM","ind","OLANZAPINE","Total",2652340.474182,680540.111605159
"RXDRGNAM","ind","OLMESARTAN","Total",5663245.051657,973620.551523834
"RXDRGNAM","ind","OLOPATADINE NASAL","Total",278346.292967,138421.370646982
"RXDRGNAM","ind","OLOPATADINE OPHTHALMIC","Total",1103757.939805,251527.824414989
"RXDRGNAM","ind","OMEGA-3 POLYUNSATURATED FATTY ACIDS","Total",5873332.019892,998879.895146153
"RXDRGNAM","ind","OMEPRAZOLE","Total",58872330.508565,3082096.33429511
"RXDRGNAM","ind","OMEPRAZOLE-SODIUM BICARBONATE","Total",390622.722097,323038.163119547
"RXDRGNAM","ind","ONDANSETRON","Total",4387714.399946,481072.481295987
"RXDRGNAM","ind","ORLISTAT","Total",101538.233941,60034.0461173169
"RXDRGNAM","ind","ORPHENADRINE","Total",1014239.151893,453528.627617197
"RXDRGNAM","ind","OSELTAMIVIR","Total",1491971.10779,337137.494154173
"RXDRGNAM","ind","OXAPROZIN","Total",694328.248448,315233.597240833
"RXDRGNAM","ind","OXAZEPAM","Total",505552.988037,360917.755227513
"RXDRGNAM","ind","OXCARBAZEPINE","Total",3123199.206275,661626.551964606
"RXDRGNAM","ind","OXICONAZOLE TOPICAL","Total",52594.767081,26941.5022914855
"RXDRGNAM","ind","OXYBUTYNIN","Total",6986761.973093,772831.58973931
"RXDRGNAM","ind","OXYCODONE","Total",13334077.88039,1185351.67102629
"RXDRGNAM","ind","OXYMETAZOLINE NASAL","Total",1681675.31178,843975.033645086
"RXDRGNAM","ind","OXYMORPHONE","Total",582052.507288,336148.516246194
"RXDRGNAM","ind","PALIPERIDONE","Total",494318.72791,234897.913616591
"RXDRGNAM","ind","PANCRELIPASE","Total",1110003.659309,385448.837786198
"RXDRGNAM","ind","PANTOPRAZOLE","Total",15387154.96677,1475480.29599005
"RXDRGNAM","ind","PARICALCITOL","Total",147317.3597,71473.8604287534
"RXDRGNAM","ind","PAROXETINE","Total",14905884.946734,1495014.20962764
"RXDRGNAM","ind","PENCICLOVIR TOPICAL","Total",59863.382426,45428.3938775752
"RXDRGNAM","ind","PENICILLIN V POTASSIUM","Total",2224166.536297,244125.425302591
"RXDRGNAM","ind","PENTOXIFYLLINE","Total",633521.512946,245190.098834934
"RXDRGNAM","ind","PERINDOPRIL","Total",27765.200716,27765.200716
"RXDRGNAM","ind","PERMETHRIN TOPICAL","Total",303678.370921,91266.9282786225
"RXDRGNAM","ind","PERPHENAZINE","Total",156059.528949,81329.9520952225
"RXDRGNAM","ind","PETROLATUM TOPICAL","Total",1746.123482,1746.123482
"RXDRGNAM","ind","PHENAZOPYRIDINE","Total",1041955.338237,218855.124460595
"RXDRGNAM","ind","PHENDIMETRAZINE","Total",31160.24112,31160.24112
"RXDRGNAM","ind","PHENOBARBITAL","Total",2046757.052974,507337.214266169
"RXDRGNAM","ind","PHENTERMINE","Total",1670348.490045,314410.190368324
"RXDRGNAM","ind","PHENYLEPHRINE","Total",49909.721465,36912.0928127373
"RXDRGNAM","ind","PHENYLEPHRINE-PROMETHAZINE","Total",543628.43958,156834.52220154
"RXDRGNAM","ind","PHENYLEPHRINE-PYRILAMINE","Total",57925.097513,29746.3527242105
"RXDRGNAM","ind","PHENYLEPHRINE OPHTHALMIC","Total",10445.609568,10445.609568
"RXDRGNAM","ind","PHENYTOIN","Total",5257611.692751,736115.499588731
"RXDRGNAM","ind","PHYTONADIONE","Total",2439.43155,2439.43155
"RXDRGNAM","ind","PILOCARPINE","Total",24711.930093,24711.930093
"RXDRGNAM","ind","PILOCARPINE OPHTHALMIC","Total",164085.382648,87957.4002351111
"RXDRGNAM","ind","PIMECROLIMUS TOPICAL","Total",373131.140758,150894.108112234
"RXDRGNAM","ind","PINDOLOL","Total",124441.291254,88416.7650933249
"RXDRGNAM","ind","PIOGLITAZONE","Total",5858152.083479,788994.560048454
"RXDRGNAM","ind","PIRBUTEROL","Total",123937.398897,102395.686992186
"RXDRGNAM","ind","PIROXICAM","Total",101541.969109,53173.5417081346
"RXDRGNAM","ind","PITAVASTATIN","Total",590892.517015,193091.502046782
"RXDRGNAM","ind","POLYCARBOPHIL","Total",148921.694187,111883.549137263
"RXDRGNAM","ind","POLYETHYLENE GLYCOL 3350","Total",1300752.249605,338557.367170061
"RXDRGNAM","ind","POLYETHYLENE GLYCOL 3350 WITH ELECTROLYTES","Total",738437.378809,126736.837161304
"RXDRGNAM","ind","POLYMYXIN B-TRIMETHOPRIM OPHTHALMIC","Total",428791.021247,81230.9693457987
"RXDRGNAM","ind","POSACONAZOLE","Total",19227.707647,19227.707647
"RXDRGNAM","ind","POTASSIUM ACID PHOSPHATE","Total",120661.278026,101335.681111155
"RXDRGNAM","ind","POTASSIUM BICARBONATE","Total",64711.801209,37664.4700107994
"RXDRGNAM","ind","POTASSIUM CHLORIDE","Total",26193543.860904,1794298.20194413
"RXDRGNAM","ind","POTASSIUM CITRATE","Total",957252.320959,289939.658484864
"RXDRGNAM","ind","POTASSIUM IODIDE","Total",56215.695784,40676.4851889215
"RXDRGNAM","ind","POTASSIUM PHOSPHATE-SODIUM PHOSPHATE","Total",154886.715782,86805.5795441007
"RXDRGNAM","ind","PRAMIPEXOLE","Total",3237425.863721,942304.406203561
"RXDRGNAM","ind","PRAMLINTIDE","Total",221432.012287,143891.211035213
"RXDRGNAM","ind","PRASUGREL","Total",936094.738475,315929.295278084
"RXDRGNAM","ind","PRAVASTATIN","Total",35010801.438729,2218225.79626152
"RXDRGNAM","ind","PRAZOSIN","Total",987396.750941,365843.274517581
"RXDRGNAM","ind","PREDNICARBATE TOPICAL","Total",1836.357742,1836.357742
"RXDRGNAM","ind","PREDNISOLONE","Total",1337140.741291,182312.428018431
"RXDRGNAM","ind","PREDNISOLONE OPHTHALMIC","Total",1948464.775436,248512.624693307
"RXDRGNAM","ind","PREDNISONE","Total",22790189.054228,1387105.14440922
"RXDRGNAM","ind","PREGABALIN","Total",8122947.537595,1031601.46812807
"RXDRGNAM","ind","PRILOCAINE","Total",329286.513694,135283.723149582
"RXDRGNAM","ind","PRIMIDONE","Total",890092.122595,328598.301949191
"RXDRGNAM","ind","PROBENECID","Total",577348.251472,265677.273281442
"RXDRGNAM","ind","PROCHLORPERAZINE","Total",1497203.473886,457298.892078201
"RXDRGNAM","ind","PROGESTERONE","Total",3025370.561049,680595.288185869
"RXDRGNAM","ind","PROMETHAZINE","Total",5562776.858041,685660.399440538
"RXDRGNAM","ind","PROPAFENONE","Total",542327.376328,263717.951166902
"RXDRGNAM","ind","PROPRANOLOL","Total",6314759.68982,968681.900893046
"RXDRGNAM","ind","PROPYLTHIOURACIL","Total",227284.8739,149103.227959459
"RXDRGNAM","ind","PROTRIPTYLINE","Total",11730.647892,11730.647892
"RXDRGNAM","ind","PSEUDOEPHEDRINE","Total",306676.176504,74854.3487219835
"RXDRGNAM","ind","PSEUDOEPHEDRINE-TRIPROLIDINE","Total",71120.478696,32257.7410266757
"RXDRGNAM","ind","PSYLLIUM","Total",296746.857863,154367.50142642
"RXDRGNAM","ind","PYRIDOSTIGMINE","Total",301680.506287,187004.410351698
"RXDRGNAM","ind","PYRIDOXINE","Total",451674.691875,162444.787695433
"RXDRGNAM","ind","QUETIAPINE","Total",8353334.232529,848885.591168974
"RXDRGNAM","ind","QUINAPRIL","Total",4686745.196189,732602.935814821
"RXDRGNAM","ind","QUININE","Total",145184.098742,54163.8160168128
"RXDRGNAM","ind","RABEPRAZOLE","Total",2281103.429186,639767.768651441
"RXDRGNAM","ind","RALOXIFENE","Total",3021845.002822,616845.439722086
"RXDRGNAM","ind","RALTEGRAVIR","Total",400693.548904,169576.66671494
"RXDRGNAM","ind","RAMELTEON","Total",241418.908881,159477.222992603
"RXDRGNAM","ind","RAMIPRIL","Total",5831350.540938,766311.272732072
"RXDRGNAM","ind","RANITIDINE","Total",17122249.571352,1626144.60761022
"RXDRGNAM","ind","RANOLAZINE","Total",1158692.321398,302859.818572896
"RXDRGNAM","ind","RASAGILINE","Total",210608.627348,122249.682449317
"RXDRGNAM","ind","RED YEAST RICE","Total",14517.302348,14517.302348
"RXDRGNAM","ind","REPAGLINIDE","Total",356538.608679,149695.677651649
"RXDRGNAM","ind","RETAPAMULIN TOPICAL","Total",10085.560212,10085.560212
"RXDRGNAM","ind","RIBAVIRIN","Total",317353.831418,168524.072391465
"RXDRGNAM","ind","RIBOFLAVIN","Total",94844.700857,63257.3299878207
"RXDRGNAM","ind","RIFABUTIN","Total",49877.590192,49877.590192
"RXDRGNAM","ind","RIFAMPIN","Total",175856.536238,147376.581528235
"RXDRGNAM","ind","RIFAXIMIN","Total",141789.335795,58403.3876327628
"RXDRGNAM","ind","RISEDRONATE","Total",2462781.672973,501622.288503266
"RXDRGNAM","ind","RISPERIDONE","Total",6686802.186006,893677.735622459
"RXDRGNAM","ind","RITONAVIR","Total",745694.983664,245488.263739023
"RXDRGNAM","ind","RIVAROXABAN","Total",735697.013672,225246.448543674
"RXDRGNAM","ind","RIVASTIGMINE","Total",721945.571381,274150.62916678
"RXDRGNAM","ind","RIZATRIPTAN","Total",1523675.021681,332110.560798783
"RXDRGNAM","ind","ROFLUMILAST","Total",136981.191855,62112.5898799199
"RXDRGNAM","ind","ROPINIROLE","Total",4192060.619316,651300.793068027
"RXDRGNAM","ind","ROSUVASTATIN","Total",24888862.04879,1892267.5054091
"RXDRGNAM","ind","RUFINAMIDE","Total",56806.02702,56806.02702
"RXDRGNAM","ind","SACCHAROMYCES BOULARDII LYO","Total",84411.977403,73932.7635605682
"RXDRGNAM","ind","SALICYLIC ACID TOPICAL","Total",1747197.833337,382326.78336631
"RXDRGNAM","ind","SALIVA SUBSTITUTES","Total",6014.649018,6014.649018
"RXDRGNAM","ind","SALMETEROL","Total",261795.408406,160027.041916369
"RXDRGNAM","ind","SALSALATE","Total",116659.197064,81796.9498452292
"RXDRGNAM","ind","SAXAGLIPTIN","Total",1943236.55742,497466.951269755
"RXDRGNAM","ind","SCOPOLAMINE","Total",181572.182654,101044.053236926
"RXDRGNAM","ind","SCOPOLAMINE OPHTHALMIC","Total",8573.110486,8573.110486
"RXDRGNAM","ind","SELEGILINE","Total",87912.82674,54999.5010351433
"RXDRGNAM","ind","SELENIUM SULFIDE TOPICAL","Total",202195.678001,64129.0773037493
"RXDRGNAM","ind","SENNA","Total",1189613.051051,349205.270294391
"RXDRGNAM","ind","SERTACONAZOLE TOPICAL","Total",33265.858854,23825.3438080175
"RXDRGNAM","ind","SERTRALINE","Total",31565360.12952,2223346.47320009
"RXDRGNAM","ind","SEVELAMER","Total",1098211.379464,310924.317463451
"RXDRGNAM","ind","SILDENAFIL","Total",2133326.942578,468300.339489932
"RXDRGNAM","ind","SILODOSIN","Total",425634.007119,151194.479186101
"RXDRGNAM","ind","SILVER SULFADIAZINE TOPICAL","Total",512571.76818,158300.92346245
"RXDRGNAM","ind","SIMETHICONE","Total",522131.694941,387810.100899771
"RXDRGNAM","ind","SIMVASTATIN","Total",101096996.986688,4600150.52253704
"RXDRGNAM","ind","SINECATECHINS TOPICAL","Total",18726.717637,18726.717637
"RXDRGNAM","ind","SITAGLIPTIN","Total",7166084.469521,875741.965036385
"RXDRGNAM","ind","SODIUM BICARBONATE","Total",632873.560526,226566.326826211
"RXDRGNAM","ind","SODIUM BIPHOSPHATE-SODIUM PHOSPHATE","Total",128735.056448,62787.8033672294
"RXDRGNAM","ind","SODIUM CHLORIDE","Total",2873535.832514,445474.985609432
"RXDRGNAM","ind","SODIUM CHLORIDE NASAL","Total",423158.256999,264821.87183621
"RXDRGNAM","ind","SODIUM HYALURONATE TOPICAL","Total",71740.126873,54640.2921836374
"RXDRGNAM","ind","SODIUM POLYSTYRENE SULFONATE","Total",24679.398388,15866.3580451991
"RXDRGNAM","ind","SOLIFENACIN","Total",2992817.308448,711897.860622605
"RXDRGNAM","ind","SOTALOL","Total",1938687.466391,527496.351507931
"RXDRGNAM","ind","SPIRONOLACTONE","Total",10676446.409211,1268528.11044207
"RXDRGNAM","ind","ST. JOHN'S WORT","Total",5335.094826,5335.094826
"RXDRGNAM","ind","SUCRALFATE","Total",1761060.047554,282918.008387454
"RXDRGNAM","ind","SULFACETAMIDE SODIUM-SULFUR TOPICAL","Total",138499.374948,64098.4400759529
"RXDRGNAM","ind","SULFACETAMIDE SODIUM OPHTHALMIC","Total",449984.587753,105822.135766873
"RXDRGNAM","ind","SULFACETAMIDE SODIUM TOPICAL","Total",20828.035026,20828.035026
"RXDRGNAM","ind","SULFADIAZINE","Total",539091.757257,191491.737506682
"RXDRGNAM","ind","SULFAMETHOXAZOLE-TRIMETHOPRIM","Total",7181924.571912,622920.802631017
"RXDRGNAM","ind","SULFASALAZINE","Total",1715658.715394,484356.474405075
"RXDRGNAM","ind","SULINDAC","Total",201645.638541,73144.5982313678
"RXDRGNAM","ind","SUMATRIPTAN","Total",4690825.603609,853748.823203545
"RXDRGNAM","ind","TACROLIMUS","Total",1772474.032413,766709.463398496
"RXDRGNAM","ind","TACROLIMUS TOPICAL","Total",342792.532154,118511.675128337
"RXDRGNAM","ind","TADALAFIL","Total",1578233.569437,386605.0751189
"RXDRGNAM","ind","TAMOXIFEN","Total",1398587.149594,286943.083600489
"RXDRGNAM","ind","TAMSULOSIN","Total",13501684.243182,1279844.89470015
"RXDRGNAM","ind","TAPENTADOL","Total",568394.863383,275477.719977103
"RXDRGNAM","ind","TAZAROTENE TOPICAL","Total",383373.781473,151503.332418761
"RXDRGNAM","ind","TELAPREVIR","Total",49837.84916,35550.0971881276
"RXDRGNAM","ind","TELMISARTAN","Total",1914563.433166,449706.777934724
"RXDRGNAM","ind","TEMAZEPAM","Total",4679126.190662,905831.553540676
"RXDRGNAM","ind","TENOFOVIR","Total",247014.248424,100818.840858483
"RXDRGNAM","ind","TERAZOSIN","Total",4802436.101831,659128.833863482
"RXDRGNAM","ind","TERBINAFINE","Total",614989.745013,129054.02672574
"RXDRGNAM","ind","TERBINAFINE TOPICAL","Total",191874.713822,69965.3776522239
"RXDRGNAM","ind","TERBUTALINE","Total",103942.098682,77981.965163086
"RXDRGNAM","ind","TERCONAZOLE TOPICAL","Total",279204.419125,98679.8171244071
"RXDRGNAM","ind","TERIPARATIDE","Total",368677.109035,261758.954771293
"RXDRGNAM","ind","TESTOSTERONE","Total",5768558.524094,899123.778513436
"RXDRGNAM","ind","TETRACYCLINE","Total",248719.299388,89982.4270359487
"RXDRGNAM","ind","TETRAHYDROZOLINE OPHTHALMIC","Total",2191493.454125,383428.909523174
"RXDRGNAM","ind","THEOPHYLLINE","Total",922762.738045,269781.322905833
"RXDRGNAM","ind","THIAMINE","Total",524089.623092,215336.008743938
"RXDRGNAM","ind","THIORIDAZINE","Total",258730.002758,229354.838452238
"RXDRGNAM","ind","THIOTHIXENE","Total",138072.638983,97834.2654008506
"RXDRGNAM","ind","THYROID DESICCATED","Total",4356710.454408,1058222.24167628
"RXDRGNAM","ind","TIAGABINE","Total",243323.862444,195731.854932131
"RXDRGNAM","ind","TICLOPIDINE","Total",34317.581775,34317.581775
"RXDRGNAM","ind","TIMOLOL","Total",389620.47423,211495.216705585
"RXDRGNAM","ind","TIMOLOL OPHTHALMIC","Total",4218571.78431,787396.881884468
"RXDRGNAM","ind","TINIDAZOLE","Total",61229.596539,23580.5663642307
"RXDRGNAM","ind","TIOTROPIUM","Total",10910788.814136,1128475.24343458
"RXDRGNAM","ind","TIZANIDINE","Total",4683474.906887,789278.710929113
"RXDRGNAM","ind","TOBRAMYCIN OPHTHALMIC","Total",675868.57198,125739.718588153
"RXDRGNAM","ind","TOLAZAMIDE","Total",18269.24645,13500.5536298018
"RXDRGNAM","ind","TOLNAFTATE TOPICAL","Total",46505.410148,35792.9280934527
"RXDRGNAM","ind","TOLTERODINE","Total",2310370.324774,523743.825310766
"RXDRGNAM","ind","TOPIRAMATE","Total",8771408.866566,977179.415915917
"RXDRGNAM","ind","TORSEMIDE","Total",1241938.454854,384598.270967642
"RXDRGNAM","ind","TRAMADOL","Total",22964425.357924,1827737.69743634
"RXDRGNAM","ind","TRANDOLAPRIL","Total",286929.807017,146206.929720321
"RXDRGNAM","ind","TRANDOLAPRIL-VERAPAMIL","Total",416166.135403,265577.835343265
"RXDRGNAM","ind","TRANEXAMIC ACID","Total",69082.096066,53460.4053638363
"RXDRGNAM","ind","TRANYLCYPROMINE","Total",19292.930124,19292.930124
"RXDRGNAM","ind","TRAVOPROST OPHTHALMIC","Total",3537621.060037,676519.915152124
"RXDRGNAM","ind","TRAZODONE","Total",22052685.196715,2198591.28070083
"RXDRGNAM","ind","TRETINOIN TOPICAL","Total",1232337.254529,229255.960439433
"RXDRGNAM","ind","TRIAMCINOLONE","Total",38198.729529,20791.994241449
"RXDRGNAM","ind","TRIAMCINOLONE NASAL","Total",739844.729034,224814.611729155
"RXDRGNAM","ind","TRIAMCINOLONE TOPICAL","Total",4229866.449347,532265.660275036
"RXDRGNAM","ind","TRIAZOLAM","Total",631628.979476,293439.198186358
"RXDRGNAM","ind","TRIFLUOPERAZINE","Total",259654.920316,164425.471740458
"RXDRGNAM","ind","TRIMETHOBENZAMIDE","Total",10460.952135,10460.952135
"RXDRGNAM","ind","TRIMETHOPRIM","Total",57045.009134,28781.6358214564
"RXDRGNAM","ind","TROPICAMIDE OPHTHALMIC","Total",291144.601726,260588.478937512
"RXDRGNAM","ind","TROSPIUM","Total",315252.08212,178005.979922574
"RXDRGNAM","ind","TYPHOID VACCINE, LIVE","Total",34292.593692,26059.7781996918
"RXDRGNAM","ind","UBIQUINONE","Total",545817.168001,323383.155053971
"RXDRGNAM","ind","UREA TOPICAL","Total",373421.740719,134982.175875515
"RXDRGNAM","ind","URSODIOL","Total",609522.573205,358315.221744209
"RXDRGNAM","ind","VALACYCLOVIR","Total",4158461.779802,600497.230125984
"RXDRGNAM","ind","VALGANCICLOVIR","Total",562725.029183,422368.231408125
"RXDRGNAM","ind","VALPROIC ACID","Total",327359.620573,142410.203114583
"RXDRGNAM","ind","VALSARTAN","Total",14925603.092954,1537725.3308142
"RXDRGNAM","ind","VANCOMYCIN","Total",139351.450157,60585.0587423393
"RXDRGNAM","ind","VARDENAFIL","Total",852044.808721,220890.080617031
"RXDRGNAM","ind","VARENICLINE","Total",696139.907606,151331.356356287
"RXDRGNAM","ind","VENLAFAXINE","Total",13638160.32304,1177630.7218855
"RXDRGNAM","ind","VERAPAMIL","Total",6608410.473073,1004261.31239057
"RXDRGNAM","ind","VILAZODONE","Total",690872.676136,220703.700024287
"RXDRGNAM","ind","VITAMIN A","Total",4674.790458,4674.790458
"RXDRGNAM","ind","VITAMIN A & D TOPICAL","Total",75694.314533,38225.4555510902
"RXDRGNAM","ind","VITAMIN A OPHTHALMIC","Total",92918.138321,71837.7776977899
"RXDRGNAM","ind","VITAMIN E","Total",32244.434543,16264.7252995728
"RXDRGNAM","ind","VORICONAZOLE","Total",123653.691874,77511.7001457421
"RXDRGNAM","ind","WARFARIN","Total",25154690.385863,1780906.31756057
"RXDRGNAM","ind","WITCH HAZEL TOPICAL","Total",8824.316473,8824.316473
"RXDRGNAM","ind","ZAFIRLUKAST","Total",192158.472672,130713.495844902
"RXDRGNAM","ind","ZALEPLON","Total",85182.951478,54905.0067815582
"RXDRGNAM","ind","ZIDOVUDINE","Total",62711.066111,42429.0406624859
"RXDRGNAM","ind","ZILEUTON","Total",11894.020377,11894.020377
"RXDRGNAM","ind","ZINC SULFATE","Total",995043.055955,229951.271725701
"RXDRGNAM","ind","ZIPRASIDONE","Total",1878736.866148,455773.107661772
"RXDRGNAM","ind","ZOLEDRONIC ACID","Total",31754.322663,31754.322663
"RXDRGNAM","ind","ZOLMITRIPTAN","Total",791104.716061,418137.520281601
"RXDRGNAM","ind","ZOLPIDEM","Total",25486972.41051,2561323.12251908
"RXDRGNAM","ind","ZONISAMIDE","Total",1077768.84291,403076.472819198
"RXDRGNAM","ind","ZOSTER VACCINE LIVE","Total",103122.983796,38398.833554891
