"rowGrp","colGrp","rowLevels","colLevels","n_exp","n_exp_se"
"TC1name","ind","Alternative Medicines","Total",199,0
"TC1name","ind","Anti-Infectives","Total",6449,0
"TC1name","ind","Antineoplastics","Total",356,0
"TC1name","ind","Biologicals","Total",14,0
"TC1name","ind","Cardiovascular Agents","Total",6957,0
"TC1name","ind","Central Nervous System Agents","Total",9006,0
"TC1name","ind","Coagulation Modifiers","Total",903,0
"TC1name","ind","Gastrointestinal Agents","Total",3300,0
"TC1name","ind","Genitourinary Tract Agents","Total",382,0
"TC1name","ind","Hormones/Hormone Modifiers","Total",4088,0
"TC1name","ind","Immunologic Agents","Total",140,0
"TC1name","ind","Metabolic Agents","Total",5380,0
"TC1name","ind","Miscellaneous Agents","Total",603,0
"TC1name","ind","Not Ascertained","Total",1634,0
"TC1name","ind","Nutritional Products","Total",2245,0
"TC1name","ind","Psychotherapeutic Agents","Total",2945,0
"TC1name","ind","Respiratory Agents","Total",3704,0
"TC1name","ind","Topical Agents","Total",4726,0
"RXDRGNAM","ind","ACETAMINOPHEN","Total",236,0
"RXDRGNAM","ind","ACETAMINOPHEN-CODEINE","Total",489,0
"RXDRGNAM","ind","ACETAMINOPHEN-HYDROCODONE","Total",1617,0
"RXDRGNAM","ind","ACETAMINOPHEN-OXYCODONE","Total",606,0
"RXDRGNAM","ind","ACETAMINOPHEN-TRAMADOL","Total",42,0
"RXDRGNAM","ind","ACETAMINOPHEN/BUTALBITAL/CAFFEINE","Total",86,0
"RXDRGNAM","ind","ACETIC ACID TOPICAL","Total",7,0
"RXDRGNAM","ind","ACYCLOVIR","Total",133,0
"RXDRGNAM","ind","ADALIMUMAB","Total",39,0
"RXDRGNAM","ind","ADAPALENE-BENZOYL PEROXIDE TOPICAL","Total",24,0
"RXDRGNAM","ind","AL HYDROXIDE/MG HYDROXIDE/SIMETHICONE","Total",4,0
"RXDRGNAM","ind","ALBUTEROL","Total",1675,0
"RXDRGNAM","ind","ALBUTEROL-IPRATROPIUM","Total",96,0
"RXDRGNAM","ind","ALENDRONATE","Total",199,0
"RXDRGNAM","ind","ALFUZOSIN","Total",14,0
"RXDRGNAM","ind","ALLOPURINOL","Total",268,0
"RXDRGNAM","ind","ALOE VERA TOPICAL","Total",2,0
"RXDRGNAM","ind","ALPRAZOLAM","Total",439,0
"RXDRGNAM","ind","ALUMINUM HYDROXIDE-MAGNESIUM CARBONATE","Total",3,0
"RXDRGNAM","ind","AMIODARONE","Total",66,0
"RXDRGNAM","ind","AMITRIPTYLINE","Total",188,0
"RXDRGNAM","ind","AMLODIPINE","Total",1430,0
"RXDRGNAM","ind","AMLODIPINE-BENAZEPRIL","Total",119,0
"RXDRGNAM","ind","AMLODIPINE-OLMESARTAN","Total",28,0
"RXDRGNAM","ind","AMLODIPINE-VALSARTAN","Total",29,0
"RXDRGNAM","ind","AMMONIUM LACTATE TOPICAL","Total",46,0
"RXDRGNAM","ind","AMOXICILLIN","Total",2112,0
"RXDRGNAM","ind","AMOXICILLIN-CLAVULANATE","Total",721,0
"RXDRGNAM","ind","AMPHETAMINE-DEXTROAMPHETAMINE","Total",240,0
"RXDRGNAM","ind","AMPICILLIN","Total",18,0
"RXDRGNAM","ind","ANASTROZOLE","Total",54,0
"RXDRGNAM","ind","ANTIPYRINE-BENZOCAINE OTIC","Total",38,0
"RXDRGNAM","ind","APIXABAN","Total",66,0
"RXDRGNAM","ind","ARIPIPRAZOLE","Total",88,0
"RXDRGNAM","ind","ASCORBIC ACID","Total",22,0
"RXDRGNAM","ind","ASCORBIC ACID-CARBONYL IRON","Total",1,0
"RXDRGNAM","ind","ASPIRIN","Total",457,0
"RXDRGNAM","ind","ASPIRIN/CARISOPRODOL/CODEINE","Total",63,0
"RXDRGNAM","ind","ATENOLOL","Total",470,0
"RXDRGNAM","ind","ATENOLOL-CHLORTHALIDONE","Total",37,0
"RXDRGNAM","ind","ATOMOXETINE","Total",37,0
"RXDRGNAM","ind","ATORVASTATIN","Total",1616,0
"RXDRGNAM","ind","ATOVAQUONE-PROGUANIL","Total",43,0
"RXDRGNAM","ind","ATROPINE-DIPHENOXYLATE","Total",42,0
"RXDRGNAM","ind","ATTAPULGITE","Total",1,0
"RXDRGNAM","ind","AZATHIOPRINE","Total",21,0
"RXDRGNAM","ind","AZELASTINE NASAL","Total",53,0
"RXDRGNAM","ind","AZITHROMYCIN","Total",1032,0
"RXDRGNAM","ind","BACITRACIN/NEOMYCIN/POLYMYXIN B TOPICAL","Total",288,0
"RXDRGNAM","ind","BACLOFEN","Total",137,0
"RXDRGNAM","ind","BECLOMETHASONE","Total",129,0
"RXDRGNAM","ind","BENAZEPRIL","Total",135,0
"RXDRGNAM","ind","BENAZEPRIL-HYDROCHLOROTHIAZIDE","Total",29,0
"RXDRGNAM","ind","BENZONATATE","Total",192,0
"RXDRGNAM","ind","BENZOYL PEROXIDE-CLINDAMYCIN TOPICAL","Total",29,0
"RXDRGNAM","ind","BENZTROPINE","Total",43,0
"RXDRGNAM","ind","BESIFLOXACIN OPHTHALMIC","Total",13,0
"RXDRGNAM","ind","BETAMETHASONE-CLOTRIMAZOLE TOPICAL","Total",85,0
"RXDRGNAM","ind","BETAMETHASONE TOPICAL","Total",64,0
"RXDRGNAM","ind","BIFIDOBACTERIUM-LACTOBACILLUS","Total",10,0
"RXDRGNAM","ind","BIFIDOBACTERIUM INFANTIS","Total",2,0
"RXDRGNAM","ind","BIMATOPROST OPHTHALMIC","Total",47,0
"RXDRGNAM","ind","BISACODYL","Total",22,0
"RXDRGNAM","ind","BISMUTH SUBSALICYLATE","Total",2,0
"RXDRGNAM","ind","BISOPROLOL","Total",24,0
"RXDRGNAM","ind","BISOPROLOL-HYDROCHLOROTHIAZIDE","Total",40,0
"RXDRGNAM","ind","BRIMONIDINE-TIMOLOL OPHTHALMIC","Total",41,0
"RXDRGNAM","ind","BRIMONIDINE OPHTHALMIC","Total",58,0
"RXDRGNAM","ind","BRINZOLAMIDE OPHTHALMIC","Total",14,0
"RXDRGNAM","ind","BROMFENAC OPHTHALMIC","Total",24,0
"RXDRGNAM","ind","BROMPHENIRAMINE","Total",4,0
"RXDRGNAM","ind","BROMPHENIRAMINE-PHENYLEPHRINE","Total",3,0
"RXDRGNAM","ind","BROMPHENIRAMINE-PSEUDOEPHEDRINE","Total",6,0
"RXDRGNAM","ind","BROMPHENIRAMINE/CODEINE/PHENYLEPHRINE","Total",1,0
"RXDRGNAM","ind","BROMPHENIRAMINE/DEXTROMETHORPH/PHENYLEPHRINE","Total",8,0
"RXDRGNAM","ind","BROMPHENIRAMINE/DEXTROMETHORPHAN/PSE","Total",128,0
"RXDRGNAM","ind","BUDESONIDE","Total",91,0
"RXDRGNAM","ind","BUDESONIDE-FORMOTEROL","Total",215,0
"RXDRGNAM","ind","BUPRENORPHINE-NALOXONE","Total",9,0
"RXDRGNAM","ind","BUPROPION","Total",396,0
"RXDRGNAM","ind","BUSPIRONE","Total",124,0
"RXDRGNAM","ind","CADEXOMER IODINE TOPICAL","Total",1,0
"RXDRGNAM","ind","CALCITRIOL","Total",50,0
"RXDRGNAM","ind","CALCIUM-VITAMIN D","Total",49,0
"RXDRGNAM","ind","CALCIUM ACETATE","Total",13,0
"RXDRGNAM","ind","CALCIUM CARBONATE","Total",43,0
"RXDRGNAM","ind","CALCIUM CARBONATE-MAGNESIUM CHLORIDE","Total",3,0
"RXDRGNAM","ind","CALCIUM GLYCEROPHOSPHATE","Total",1,0
"RXDRGNAM","ind","CAMPHOR-MENTHOL TOPICAL","Total",75,0
"RXDRGNAM","ind","CANAGLIFLOZIN","Total",65,0
"RXDRGNAM","ind","CARBAMAZEPINE","Total",55,0
"RXDRGNAM","ind","CARBAMIDE PEROXIDE OTIC","Total",9,0
"RXDRGNAM","ind","CARBIDOPA-LEVODOPA","Total",48,0
"RXDRGNAM","ind","CARBINOXAMINE","Total",1,0
"RXDRGNAM","ind","CARISOPRODOL","Total",61,0
"RXDRGNAM","ind","CARVEDILOL","Total",444,0
"RXDRGNAM","ind","CEFDINIR","Total",180,0
"RXDRGNAM","ind","CEFPROZIL","Total",19,0
"RXDRGNAM","ind","CEFUROXIME","Total",55,0
"RXDRGNAM","ind","CELECOXIB","Total",135,0
"RXDRGNAM","ind","CEPHALEXIN","Total",452,0
"RXDRGNAM","ind","CETIRIZINE","Total",383,0
"RXDRGNAM","ind","CETIRIZINE-PSEUDOEPHEDRINE","Total",2,0
"RXDRGNAM","ind","CHLOPHEDIANOL/DEXCHLORPHENIRAMINE/PSE","Total",7,0
"RXDRGNAM","ind","CHLORHEXIDINE TOPICAL","Total",114,0
"RXDRGNAM","ind","CHLORPHENIRAMINE","Total",2,0
"RXDRGNAM","ind","CHLORPHENIRAMINE-HYDROCODONE","Total",20,0
"RXDRGNAM","ind","CHLORPHENIRAMINE-PHENYLEPHRINE","Total",2,0
"RXDRGNAM","ind","CHLORPHENIRAMINE/CODEINE/PHENYLEPHRINE","Total",2,0
"RXDRGNAM","ind","CHLORPHENIRAMINE/DEXTROMETHORP/PHENYLEPHRINE","Total",2,0
"RXDRGNAM","ind","CHLORTHALIDONE","Total",73,0
"RXDRGNAM","ind","CHOLECALCIFEROL","Total",104,0
"RXDRGNAM","ind","CHONDROITIN-GLUCOSAMINE","Total",19,0
"RXDRGNAM","ind","CICLOPIROX TOPICAL","Total",34,0
"RXDRGNAM","ind","CILOSTAZOL","Total",24,0
"RXDRGNAM","ind","CIPROFLOXACIN","Total",422,0
"RXDRGNAM","ind","CIPROFLOXACIN-DEXAMETHASONE OTIC","Total",47,0
"RXDRGNAM","ind","CIPROFLOXACIN OPHTHALMIC","Total",43,0
"RXDRGNAM","ind","CITALOPRAM","Total",411,0
"RXDRGNAM","ind","CITRIC ACID-SODIUM CITRATE","Total",3,0
"RXDRGNAM","ind","CITRIC ACID/MG OXIDE/NA PICOSULFATE","Total",8,0
"RXDRGNAM","ind","CLARITHROMYCIN","Total",46,0
"RXDRGNAM","ind","CLEMASTINE","Total",1,0
"RXDRGNAM","ind","CLINDAMYCIN","Total",238,0
"RXDRGNAM","ind","CLINDAMYCIN TOPICAL","Total",61,0
"RXDRGNAM","ind","CLOBETASOL TOPICAL","Total",129,0
"RXDRGNAM","ind","CLOMIPHENE","Total",17,0
"RXDRGNAM","ind","CLONAZEPAM","Total",302,0
"RXDRGNAM","ind","CLONIDINE","Total",221,0
"RXDRGNAM","ind","CLOPIDOGREL","Total",356,0
"RXDRGNAM","ind","CLOTRIMAZOLE TOPICAL","Total",74,0
"RXDRGNAM","ind","CODEINE","Total",17,0
"RXDRGNAM","ind","CODEINE-GUAIFENESIN","Total",205,0
"RXDRGNAM","ind","CODEINE-PROMETHAZINE","Total",76,0
"RXDRGNAM","ind","CODEINE/GUAIFENESIN/PSEUDOEPHEDRINE","Total",1,0
"RXDRGNAM","ind","CODEINE/PHENYLEPHRINE/PROMETHAZINE","Total",1,0
"RXDRGNAM","ind","COLCHICINE","Total",58,0
"RXDRGNAM","ind","COLESEVELAM","Total",20,0
"RXDRGNAM","ind","COLESTIPOL","Total",24,0
"RXDRGNAM","ind","CONJUGATED ESTROGENS","Total",57,0
"RXDRGNAM","ind","CONJUGATED ESTROGENS TOPICAL","Total",37,0
"RXDRGNAM","ind","CYANOCOBALAMIN","Total",81,0
"RXDRGNAM","ind","CYCLOBENZAPRINE","Total",656,0
"RXDRGNAM","ind","CYCLOSPORINE OPHTHALMIC","Total",73,0
"RXDRGNAM","ind","CYPROHEPTADINE","Total",22,0
"RXDRGNAM","ind","DABIGATRAN","Total",33,0
"RXDRGNAM","ind","DAPAGLIFLOZIN","Total",27,0
"RXDRGNAM","ind","DAPSONE TOPICAL","Total",13,0
"RXDRGNAM","ind","DESLORATADINE","Total",13,0
"RXDRGNAM","ind","DESLORATADINE-PSEUDOEPHEDRINE","Total",1,0
"RXDRGNAM","ind","DESOGESTREL-ETHINYL ESTRADIOL","Total",49,0
"RXDRGNAM","ind","DESONIDE TOPICAL","Total",41,0
"RXDRGNAM","ind","DESOXIMETASONE TOPICAL","Total",17,0
"RXDRGNAM","ind","DESVENLAFAXINE","Total",21,0
"RXDRGNAM","ind","DEXAMETHASONE","Total",51,0
"RXDRGNAM","ind","DEXAMETHASONE-TOBRAMYCIN OPHTHALMIC","Total",38,0
"RXDRGNAM","ind","DEXAMETHASONE/NEOMYCIN/POLYMYXIN B OPHTHALMIC","Total",45,0
"RXDRGNAM","ind","DEXLANSOPRAZOLE","Total",62,0
"RXDRGNAM","ind","DEXMETHYLPHENIDATE","Total",40,0
"RXDRGNAM","ind","DEXTROAMPHETAMINE","Total",14,0
"RXDRGNAM","ind","DEXTROMETHORPHAN","Total",5,0
"RXDRGNAM","ind","DEXTROMETHORPHAN-GUAIFENESIN","Total",50,0
"RXDRGNAM","ind","DEXTROMETHORPHAN-PROMETHAZINE","Total",88,0
"RXDRGNAM","ind","DEXTROMETHORPHAN/GUAIFENESIN/PHENYLEPHRINE","Total",4,0
"RXDRGNAM","ind","DEXTROMETHORPHAN/GUAIFENESIN/PSEUDOEPHEDRINE","Total",2,0
"RXDRGNAM","ind","DIAZEPAM","Total",196,0
"RXDRGNAM","ind","DICLOFENAC","Total",215,0
"RXDRGNAM","ind","DICLOFENAC-MISOPROSTOL","Total",50,0
"RXDRGNAM","ind","DICLOFENAC TOPICAL","Total",119,0
"RXDRGNAM","ind","DICYCLOMINE","Total",108,0
"RXDRGNAM","ind","DIFLUPREDNATE OPHTHALMIC","Total",41,0
"RXDRGNAM","ind","DIGOXIN","Total",101,0
"RXDRGNAM","ind","DILTIAZEM","Total",212,0
"RXDRGNAM","ind","DIOSMIPLEX","Total",3,0
"RXDRGNAM","ind","DIPHENHYDRAMINE","Total",123,0
"RXDRGNAM","ind","DIVALPROEX SODIUM","Total",86,0
"RXDRGNAM","ind","DOCOSANOL TOPICAL","Total",1,0
"RXDRGNAM","ind","DOCUSATE","Total",228,0
"RXDRGNAM","ind","DOCUSATE-SENNA","Total",10,0
"RXDRGNAM","ind","DONEPEZIL","Total",120,0
"RXDRGNAM","ind","DORZOLAMIDE-TIMOLOL OPHTHALMIC","Total",63,0
"RXDRGNAM","ind","DORZOLAMIDE OPHTHALMIC","Total",39,0
"RXDRGNAM","ind","DOXAZOSIN","Total",82,0
"RXDRGNAM","ind","DOXEPIN","Total",37,0
"RXDRGNAM","ind","DOXERCALCIFEROL","Total",3,0
"RXDRGNAM","ind","DOXYCYCLINE","Total",292,0
"RXDRGNAM","ind","DOXYLAMINE-PYRIDOXINE","Total",67,0
"RXDRGNAM","ind","DRONEDARONE","Total",17,0
"RXDRGNAM","ind","DROSPIRENONE-ETHINYL ESTRADIOL","Total",72,0
"RXDRGNAM","ind","DROSPIRENONE/ETHINYL ESTRADIOL/LEVOMEFOLATE","Total",4,0
"RXDRGNAM","ind","DULOXETINE","Total",236,0
"RXDRGNAM","ind","DUTASTERIDE","Total",29,0
"RXDRGNAM","ind","ECONAZOLE TOPICAL","Total",19,0
"RXDRGNAM","ind","ELECTROLYTE REPLACEMENT SOLUTIONS, ORAL","Total",17,0
"RXDRGNAM","ind","EMOLLIENTS, TOPICAL","Total",78,0
"RXDRGNAM","ind","EMTRICITABINE-TENOFOVIR","Total",39,0
"RXDRGNAM","ind","ENALAPRIL","Total",172,0
"RXDRGNAM","ind","ENOXAPARIN","Total",38,0
"RXDRGNAM","ind","EPINEPHRINE","Total",84,0
"RXDRGNAM","ind","ERGOCALCIFEROL","Total",411,0
"RXDRGNAM","ind","ERYTHROMYCIN","Total",58,0
"RXDRGNAM","ind","ERYTHROMYCIN OPHTHALMIC","Total",32,0
"RXDRGNAM","ind","ESCITALOPRAM","Total",321,0
"RXDRGNAM","ind","ESOMEPRAZOLE","Total",253,0
"RXDRGNAM","ind","ESOMEPRAZOLE-NAPROXEN","Total",19,0
"RXDRGNAM","ind","ESTRADIOL","Total",171,0
"RXDRGNAM","ind","ESTRADIOL TOPICAL","Total",64,0
"RXDRGNAM","ind","ESZOPICLONE","Total",35,0
"RXDRGNAM","ind","ETANERCEPT","Total",19,0
"RXDRGNAM","ind","ETHINYL ESTRADIOL-ETHYNODIOL","Total",13,0
"RXDRGNAM","ind","ETHINYL ESTRADIOL-ETONOGESTREL","Total",60,0
"RXDRGNAM","ind","ETHINYL ESTRADIOL-LEVONORGESTREL","Total",148,0
"RXDRGNAM","ind","ETHINYL ESTRADIOL-NORELGESTROMIN","Total",13,0
"RXDRGNAM","ind","ETHINYL ESTRADIOL-NORETHINDRONE","Total",213,0
"RXDRGNAM","ind","ETHINYL ESTRADIOL-NORGESTIMATE","Total",271,0
"RXDRGNAM","ind","ETHINYL ESTRADIOL-NORGESTREL","Total",12,0
"RXDRGNAM","ind","ETODOLAC","Total",40,0
"RXDRGNAM","ind","EXENATIDE","Total",21,0
"RXDRGNAM","ind","EZETIMIBE","Total",98,0
"RXDRGNAM","ind","EZETIMIBE-SIMVASTATIN","Total",37,0
"RXDRGNAM","ind","FAMOTIDINE","Total",153,0
"RXDRGNAM","ind","FAMOTIDINE-IBUPROFEN","Total",9,0
"RXDRGNAM","ind","FEBUXOSTAT","Total",19,0
"RXDRGNAM","ind","FELODIPINE","Total",23,0
"RXDRGNAM","ind","FENOFIBRATE","Total",196,0
"RXDRGNAM","ind","FENOFIBRIC ACID","Total",26,0
"RXDRGNAM","ind","FENTANYL","Total",41,0
"RXDRGNAM","ind","FERROUS FUMARATE-FOLIC ACID","Total",4,0
"RXDRGNAM","ind","FERROUS SULFATE","Total",265,0
"RXDRGNAM","ind","FEXOFENADINE","Total",40,0
"RXDRGNAM","ind","FEXOFENADINE-PSEUDOEPHEDRINE","Total",12,0
"RXDRGNAM","ind","FINASTERIDE","Total",157,0
"RXDRGNAM","ind","FLECAINIDE","Total",24,0
"RXDRGNAM","ind","FLUCONAZOLE","Total",165,0
"RXDRGNAM","ind","FLUDROCORTISONE","Total",19,0
"RXDRGNAM","ind","FLUOCINOLONE TOPICAL","Total",31,0
"RXDRGNAM","ind","FLUOCINONIDE TOPICAL","Total",60,0
"RXDRGNAM","ind","FLUORIDE","Total",54,0
"RXDRGNAM","ind","FLUORIDE TOPICAL","Total",44,0
"RXDRGNAM","ind","FLUOROMETHOLONE OPHTHALMIC","Total",21,0
"RXDRGNAM","ind","FLUOROURACIL TOPICAL","Total",25,0
"RXDRGNAM","ind","FLUOXETINE","Total",385,0
"RXDRGNAM","ind","FLURBIPROFEN","Total",5,0
"RXDRGNAM","ind","FLUTICASONE","Total",142,0
"RXDRGNAM","ind","FLUTICASONE-SALMETEROL","Total",335,0
"RXDRGNAM","ind","FLUTICASONE NASAL","Total",743,0
"RXDRGNAM","ind","FOLIC ACID","Total",191,0
"RXDRGNAM","ind","FORMOTEROL-MOMETASONE","Total",66,0
"RXDRGNAM","ind","FUROSEMIDE","Total",668,0
"RXDRGNAM","ind","GABAPENTIN","Total",839,0
"RXDRGNAM","ind","GEMFIBROZIL","Total",99,0
"RXDRGNAM","ind","GENTAMICIN OPHTHALMIC","Total",34,0
"RXDRGNAM","ind","GLIMEPIRIDE","Total",250,0
"RXDRGNAM","ind","GLIPIZIDE","Total",424,0
"RXDRGNAM","ind","GLUCOSE","Total",10,0
"RXDRGNAM","ind","GLYBURIDE","Total",100,0
"RXDRGNAM","ind","GLYBURIDE-METFORMIN","Total",40,0
"RXDRGNAM","ind","GLYCERIN","Total",1,0
"RXDRGNAM","ind","GUAIFENESIN","Total",74,0
"RXDRGNAM","ind","GUAIFENESIN-PHENYLEPHRINE","Total",1,0
"RXDRGNAM","ind","GUAIFENESIN-PSEUDOEPHEDRINE","Total",10,0
"RXDRGNAM","ind","GUANFACINE","Total",56,0
"RXDRGNAM","ind","HALOPERIDOL","Total",27,0
"RXDRGNAM","ind","HOMATROPINE-HYDROCODONE","Total",23,0
"RXDRGNAM","ind","HYDRALAZINE","Total",140,0
"RXDRGNAM","ind","HYDROCHLOROTHIAZIDE","Total",941,0
"RXDRGNAM","ind","HYDROCHLOROTHIAZIDE-LISINOPRIL","Total",461,0
"RXDRGNAM","ind","HYDROCHLOROTHIAZIDE-LOSARTAN","Total",251,0
"RXDRGNAM","ind","HYDROCHLOROTHIAZIDE-OLMESARTAN","Total",50,0
"RXDRGNAM","ind","HYDROCHLOROTHIAZIDE-TRIAMTERENE","Total",200,0
"RXDRGNAM","ind","HYDROCHLOROTHIAZIDE-VALSARTAN","Total",111,0
"RXDRGNAM","ind","HYDROCODONE","Total",319,0
"RXDRGNAM","ind","HYDROCORTISONE","Total",20,0
"RXDRGNAM","ind","HYDROCORTISONE-PRAMOXINE TOPICAL","Total",23,0
"RXDRGNAM","ind","HYDROCORTISONE TOPICAL","Total",196,0
"RXDRGNAM","ind","HYDROCORTISONE/NEOMYCIN/POLYMYXIN B OTIC","Total",60,0
"RXDRGNAM","ind","HYDROMORPHONE","Total",47,0
"RXDRGNAM","ind","HYDROXYCHLOROQUINE","Total",85,0
"RXDRGNAM","ind","HYDROXYZINE","Total",252,0
"RXDRGNAM","ind","HYOSCYAMINE","Total",26,0
"RXDRGNAM","ind","IBANDRONATE","Total",27,0
"RXDRGNAM","ind","IBUPROFEN","Total",1574,0
"RXDRGNAM","ind","IMIQUIMOD TOPICAL","Total",14,0
"RXDRGNAM","ind","INDOMETHACIN","Total",64,0
"RXDRGNAM","ind","INFLUENZA VIRUS VACCINE, INACTIVATED","Total",32,0
"RXDRGNAM","ind","INOSITOL","Total",23,0
"RXDRGNAM","ind","INSULIN ASPART","Total",161,0
"RXDRGNAM","ind","INSULIN ASPART-INSULIN ASPART PROTAMINE","Total",39,0
"RXDRGNAM","ind","INSULIN DETEMIR","Total",128,0
"RXDRGNAM","ind","INSULIN GLARGINE","Total",342,0
"RXDRGNAM","ind","INSULIN ISOPHANE-INSULIN REGULAR","Total",64,0
"RXDRGNAM","ind","INSULIN ISOPHANE (NPH)","Total",301,0
"RXDRGNAM","ind","INSULIN LISPRO","Total",121,0
"RXDRGNAM","ind","INSULIN LISPRO-INSULIN LISPRO PROTAMINE","Total",33,0
"RXDRGNAM","ind","INSULIN REGULAR","Total",27,0
"RXDRGNAM","ind","IPRATROPIUM","Total",31,0
"RXDRGNAM","ind","IPRATROPIUM NASAL","Total",37,0
"RXDRGNAM","ind","IRBESARTAN","Total",60,0
"RXDRGNAM","ind","ISOPROPYL ALCOHOL TOPICAL","Total",1,0
"RXDRGNAM","ind","ISOSORBIDE MONONITRATE","Total",120,0
"RXDRGNAM","ind","ISOTRETINOIN","Total",25,0
"RXDRGNAM","ind","IVERMECTIN TOPICAL","Total",6,0
"RXDRGNAM","ind","KETOCONAZOLE TOPICAL","Total",101,0
"RXDRGNAM","ind","KETOPROFEN","Total",3,0
"RXDRGNAM","ind","KETOROLAC","Total",47,0
"RXDRGNAM","ind","KETOROLAC OPHTHALMIC","Total",35,0
"RXDRGNAM","ind","L-METHYLFOLATE","Total",6,0
"RXDRGNAM","ind","LABETALOL","Total",55,0
"RXDRGNAM","ind","LACTASE","Total",1,0
"RXDRGNAM","ind","LACTOBACILLUS ACIDOPHILUS","Total",6,0
"RXDRGNAM","ind","LACTOBACILLUS ACIDOPHILUS AND BULGARICUS","Total",12,0
"RXDRGNAM","ind","LACTOBACILLUS RHAMNOSUS GG","Total",1,0
"RXDRGNAM","ind","LACTULOSE","Total",50,0
"RXDRGNAM","ind","LAMOTRIGINE","Total",156,0
"RXDRGNAM","ind","LANSOPRAZOLE","Total",96,0
"RXDRGNAM","ind","LATANOPROST OPHTHALMIC","Total",182,0
"RXDRGNAM","ind","LEDIPASVIR-SOFOSBUVIR","Total",20,0
"RXDRGNAM","ind","LETROZOLE","Total",29,0
"RXDRGNAM","ind","LEVALBUTEROL","Total",29,0
"RXDRGNAM","ind","LEVETIRACETAM","Total",123,0
"RXDRGNAM","ind","LEVOCARNITINE","Total",4,0
"RXDRGNAM","ind","LEVOCETIRIZINE","Total",68,0
"RXDRGNAM","ind","LEVOFLOXACIN","Total",214,0
"RXDRGNAM","ind","LEVONORGESTREL","Total",14,0
"RXDRGNAM","ind","LEVOTHYROXINE","Total",1500,0
"RXDRGNAM","ind","LIDOCAINE TOPICAL","Total",111,0
"RXDRGNAM","ind","LINACLOTIDE","Total",33,0
"RXDRGNAM","ind","LINAGLIPTIN","Total",45,0
"RXDRGNAM","ind","LIOTHYRONINE","Total",22,0
"RXDRGNAM","ind","LIRAGLUTIDE","Total",63,0
"RXDRGNAM","ind","LISDEXAMFETAMINE","Total",113,0
"RXDRGNAM","ind","LISINOPRIL","Total",1900,0
"RXDRGNAM","ind","LITHIUM","Total",42,0
"RXDRGNAM","ind","LOPERAMIDE","Total",31,0
"RXDRGNAM","ind","LORATADINE","Total",428,0
"RXDRGNAM","ind","LORATADINE-PSEUDOEPHEDRINE","Total",21,0
"RXDRGNAM","ind","LORAZEPAM","Total",280,0
"RXDRGNAM","ind","LOSARTAN","Total",827,0
"RXDRGNAM","ind","LOTEPREDNOL OPHTHALMIC","Total",29,0
"RXDRGNAM","ind","LOVASTATIN","Total",241,0
"RXDRGNAM","ind","LURASIDONE","Total",18,0
"RXDRGNAM","ind","LUTEIN","Total",4,0
"RXDRGNAM","ind","MAGNESIUM CITRATE","Total",3,0
"RXDRGNAM","ind","MAGNESIUM GLUCONATE","Total",1,0
"RXDRGNAM","ind","MAGNESIUM HYDROXIDE","Total",1,0
"RXDRGNAM","ind","MAGNESIUM OXIDE","Total",64,0
"RXDRGNAM","ind","MAGNESIUM/POTASSIUM/SODIUM SULFATES","Total",28,0
"RXDRGNAM","ind","MECLIZINE","Total",173,0
"RXDRGNAM","ind","MEDROXYPROGESTERONE","Total",90,0
"RXDRGNAM","ind","MELATONIN","Total",25,0
"RXDRGNAM","ind","MELOXICAM","Total",596,0
"RXDRGNAM","ind","MEMANTINE","Total",62,0
"RXDRGNAM","ind","MESALAMINE","Total",35,0
"RXDRGNAM","ind","METAXALONE","Total",30,0
"RXDRGNAM","ind","METFORMIN","Total",1625,0
"RXDRGNAM","ind","METFORMIN-SITAGLIPTIN","Total",86,0
"RXDRGNAM","ind","METHIMAZOLE","Total",35,0
"RXDRGNAM","ind","METHOCARBAMOL","Total",143,0
"RXDRGNAM","ind","METHOTREXATE","Total",38,0
"RXDRGNAM","ind","METHYLPHENIDATE","Total",227,0
"RXDRGNAM","ind","METHYLPREDNISOLONE","Total",278,0
"RXDRGNAM","ind","METOCLOPRAMIDE","Total",61,0
"RXDRGNAM","ind","METOLAZONE","Total",27,0
"RXDRGNAM","ind","METOPROLOL","Total",1167,0
"RXDRGNAM","ind","METRONIDAZOLE","Total",162,0
"RXDRGNAM","ind","METRONIDAZOLE TOPICAL","Total",50,0
"RXDRGNAM","ind","MICONAZOLE TOPICAL","Total",18,0
"RXDRGNAM","ind","MINOCYCLINE","Total",59,0
"RXDRGNAM","ind","MIRABEGRON","Total",24,0
"RXDRGNAM","ind","MIRTAZAPINE","Total",108,0
"RXDRGNAM","ind","MODAFINIL","Total",13,0
"RXDRGNAM","ind","MOMETASONE","Total",25,0
"RXDRGNAM","ind","MOMETASONE NASAL","Total",110,0
"RXDRGNAM","ind","MOMETASONE TOPICAL","Total",42,0
"RXDRGNAM","ind","MONTELUKAST","Total",509,0
"RXDRGNAM","ind","MORPHINE","Total",98,0
"RXDRGNAM","ind","MOXIFLOXACIN OPHTHALMIC","Total",58,0
"RXDRGNAM","ind","MULTIVITAMIN","Total",151,0
"RXDRGNAM","ind","MULTIVITAMIN WITH FLUORIDE","Total",20,0
"RXDRGNAM","ind","MULTIVITAMIN WITH IRON","Total",63,0
"RXDRGNAM","ind","MULTIVITAMIN WITH IRON AND FLUORIDE","Total",5,0
"RXDRGNAM","ind","MULTIVITAMIN WITH MINERALS","Total",56,0
"RXDRGNAM","ind","MULTIVITAMIN, PRENATAL","Total",83,0
"RXDRGNAM","ind","MUPIROCIN TOPICAL","Total",173,0
"RXDRGNAM","ind","MYCOPHENOLATE MOFETIL","Total",26,0
"RXDRGNAM","ind","NABUMETONE","Total",63,0
"RXDRGNAM","ind","NADOLOL","Total",19,0
"RXDRGNAM","ind","NAPHAZOLINE-PHENIRAMINE OPHTHALMIC","Total",6,0
"RXDRGNAM","ind","NAPROXEN","Total",586,0
"RXDRGNAM","ind","NEBIVOLOL","Total",73,0
"RXDRGNAM","ind","NIACIN","Total",38,0
"RXDRGNAM","ind","NIACIN-SIMVASTATIN","Total",34,0
"RXDRGNAM","ind","NICOTINE","Total",21,0
"RXDRGNAM","ind","NIFEDIPINE","Total",143,0
"RXDRGNAM","ind","NITROFURANTOIN","Total",155,0
"RXDRGNAM","ind","NITROGLYCERIN","Total",148,0
"RXDRGNAM","ind","NORETHINDRONE","Total",43,0
"RXDRGNAM","ind","NORTRIPTYLINE","Total",67,0
"RXDRGNAM","ind","NYSTATIN","Total",41,0
"RXDRGNAM","ind","NYSTATIN-TRIAMCINOLONE TOPICAL","Total",30,0
"RXDRGNAM","ind","NYSTATIN TOPICAL","Total",54,0
"RXDRGNAM","ind","OCULAR LUBRICANT","Total",94,0
"RXDRGNAM","ind","OFLOXACIN OPHTHALMIC","Total",49,0
"RXDRGNAM","ind","OFLOXACIN OTIC","Total",41,0
"RXDRGNAM","ind","OLANZAPINE","Total",38,0
"RXDRGNAM","ind","OLMESARTAN","Total",74,0
"RXDRGNAM","ind","OLOPATADINE OPHTHALMIC","Total",83,0
"RXDRGNAM","ind","OMEGA-3 POLYUNSATURATED FATTY ACIDS","Total",78,0
"RXDRGNAM","ind","OMEPRAZOLE","Total",1418,0
"RXDRGNAM","ind","ONDANSETRON","Total",406,0
"RXDRGNAM","ind","OSELTAMIVIR","Total",178,0
"RXDRGNAM","ind","OXAPROZIN","Total",4,0
"RXDRGNAM","ind","OXCARBAZEPINE","Total",49,0
"RXDRGNAM","ind","OXYBUTYNIN","Total",155,0
"RXDRGNAM","ind","OXYCODONE","Total",403,0
"RXDRGNAM","ind","OXYMETAZOLINE NASAL","Total",3,0
"RXDRGNAM","ind","PANCRELIPASE","Total",26,0
"RXDRGNAM","ind","PANTOPRAZOLE","Total",460,0
"RXDRGNAM","ind","PARICALCITOL","Total",1,0
"RXDRGNAM","ind","PAROXETINE","Total",192,0
"RXDRGNAM","ind","PENICILLIN","Total",1,0
"RXDRGNAM","ind","PENICILLIN V POTASSIUM","Total",209,0
"RXDRGNAM","ind","PERMETHRIN TOPICAL","Total",29,0
"RXDRGNAM","ind","PHENAZOPYRIDINE","Total",81,0
"RXDRGNAM","ind","PHENTERMINE","Total",82,0
"RXDRGNAM","ind","PHENYLEPHRINE","Total",1,0
"RXDRGNAM","ind","PHENYLEPHRINE-PROMETHAZINE","Total",10,0
"RXDRGNAM","ind","PHENYLEPHRINE-THONZYLAMINE","Total",2,0
"RXDRGNAM","ind","PHENYTOIN","Total",65,0
"RXDRGNAM","ind","PHYTONADIONE","Total",4,0
"RXDRGNAM","ind","PIOGLITAZONE","Total",109,0
"RXDRGNAM","ind","PIROXICAM","Total",11,0
"RXDRGNAM","ind","POLYCARBOPHIL","Total",2,0
"RXDRGNAM","ind","POLYETHYLENE GLYCOL 3350","Total",102,0
"RXDRGNAM","ind","POLYETHYLENE GLYCOL 3350 WITH ELECTROLYTES","Total",66,0
"RXDRGNAM","ind","POLYMYXIN B-TRIMETHOPRIM OPHTHALMIC","Total",74,0
"RXDRGNAM","ind","POTASSIUM BICARBONATE","Total",3,0
"RXDRGNAM","ind","POTASSIUM CHLORIDE","Total",476,0
"RXDRGNAM","ind","POTASSIUM PHOSPHATE-SODIUM PHOSPHATE","Total",1,0
"RXDRGNAM","ind","POVIDONE IODINE TOPICAL","Total",3,0
"RXDRGNAM","ind","PRAMIPEXOLE","Total",43,0
"RXDRGNAM","ind","PRASUGREL","Total",22,0
"RXDRGNAM","ind","PRAVASTATIN","Total",543,0
"RXDRGNAM","ind","PRAZOSIN","Total",38,0
"RXDRGNAM","ind","PREDNISOLONE","Total",169,0
"RXDRGNAM","ind","PREDNISOLONE OPHTHALMIC","Total",134,0
"RXDRGNAM","ind","PREDNISONE","Total",903,0
"RXDRGNAM","ind","PREGABALIN","Total",163,0
"RXDRGNAM","ind","PRIMIDONE","Total",23,0
"RXDRGNAM","ind","PROCHLORPERAZINE","Total",51,0
"RXDRGNAM","ind","PROGESTERONE","Total",41,0
"RXDRGNAM","ind","PROMETHAZINE","Total",215,0
"RXDRGNAM","ind","PROPRANOLOL","Total",257,0
"RXDRGNAM","ind","PSEUDOEPHEDRINE","Total",15,0
"RXDRGNAM","ind","PSYLLIUM","Total",9,0
"RXDRGNAM","ind","PYRIDOXINE","Total",15,0
"RXDRGNAM","ind","QUETIAPINE","Total",159,0
"RXDRGNAM","ind","QUINAPRIL","Total",43,0
"RXDRGNAM","ind","RALOXIFENE","Total",36,0
"RXDRGNAM","ind","RAMIPRIL","Total",76,0
"RXDRGNAM","ind","RANITIDINE","Total",407,0
"RXDRGNAM","ind","RANOLAZINE","Total",23,0
"RXDRGNAM","ind","RIBOFLAVIN","Total",65,0
"RXDRGNAM","ind","RISEDRONATE","Total",21,0
"RXDRGNAM","ind","RISPERIDONE","Total",104,0
"RXDRGNAM","ind","RIVAROXABAN","Total",113,0
"RXDRGNAM","ind","RIZATRIPTAN","Total",30,0
"RXDRGNAM","ind","ROPINIROLE","Total",65,0
"RXDRGNAM","ind","ROSUVASTATIN","Total",355,0
"RXDRGNAM","ind","SACCHAROMYCES BOULARDII LYO","Total",4,0
"RXDRGNAM","ind","SALICYLIC ACID TOPICAL","Total",58,0
"RXDRGNAM","ind","SALIVA SUBSTITUTES","Total",32,0
"RXDRGNAM","ind","SAXAGLIPTIN","Total",26,0
"RXDRGNAM","ind","SELENIUM","Total",4,0
"RXDRGNAM","ind","SENNA","Total",33,0
"RXDRGNAM","ind","SERTRALINE","Total",563,0
"RXDRGNAM","ind","SEVELAMER","Total",28,0
"RXDRGNAM","ind","SILDENAFIL","Total",50,0
"RXDRGNAM","ind","SILVER SULFADIAZINE TOPICAL","Total",32,0
"RXDRGNAM","ind","SIMVASTATIN","Total",1279,0
"RXDRGNAM","ind","SINECATECHINS TOPICAL","Total",2,0
"RXDRGNAM","ind","SITAGLIPTIN","Total",169,0
"RXDRGNAM","ind","SODIUM BICARBONATE","Total",22,0
"RXDRGNAM","ind","SODIUM CHLORIDE","Total",65,0
"RXDRGNAM","ind","SODIUM CHLORIDE NASAL","Total",9,0
"RXDRGNAM","ind","SOLIFENACIN","Total",62,0
"RXDRGNAM","ind","SOTALOL","Total",28,0
"RXDRGNAM","ind","SPINOSAD TOPICAL","Total",2,0
"RXDRGNAM","ind","SPIRONOLACTONE","Total",208,0
"RXDRGNAM","ind","SUCRALFATE","Total",78,0
"RXDRGNAM","ind","SULFACETAMIDE SODIUM-SULFUR TOPICAL","Total",10,0
"RXDRGNAM","ind","SULFAMETHOXAZOLE-TRIMETHOPRIM","Total",742,0
"RXDRGNAM","ind","SULFASALAZINE","Total",25,0
"RXDRGNAM","ind","SULINDAC","Total",15,0
"RXDRGNAM","ind","SUMATRIPTAN","Total",120,0
"RXDRGNAM","ind","TACROLIMUS","Total",18,0
"RXDRGNAM","ind","TADALAFIL","Total",29,0
"RXDRGNAM","ind","TAMOXIFEN","Total",35,0
"RXDRGNAM","ind","TAMSULOSIN","Total",382,0
"RXDRGNAM","ind","TELMISARTAN","Total",22,0
"RXDRGNAM","ind","TEMAZEPAM","Total",82,0
"RXDRGNAM","ind","TERAZOSIN","Total",81,0
"RXDRGNAM","ind","TERBINAFINE","Total",78,0
"RXDRGNAM","ind","TESTOSTERONE","Total",63,0
"RXDRGNAM","ind","TETRACYCLINE","Total",36,0
"RXDRGNAM","ind","THIAMINE","Total",8,0
"RXDRGNAM","ind","THYROID DESICCATED","Total",46,0
"RXDRGNAM","ind","TIMOLOL OPHTHALMIC","Total",74,0
"RXDRGNAM","ind","TIOTROPIUM","Total",138,0
"RXDRGNAM","ind","TIZANIDINE","Total",143,0
"RXDRGNAM","ind","TOBRAMYCIN OPHTHALMIC","Total",59,0
"RXDRGNAM","ind","TOLTERODINE","Total",30,0
"RXDRGNAM","ind","TOPIRAMATE","Total",177,0
"RXDRGNAM","ind","TORSEMIDE","Total",32,0
"RXDRGNAM","ind","TRAMADOL","Total",744,0
"RXDRGNAM","ind","TRAVOPROST OPHTHALMIC","Total",50,0
"RXDRGNAM","ind","TRAZODONE","Total",427,0
"RXDRGNAM","ind","TRETINOIN TOPICAL","Total",66,0
"RXDRGNAM","ind","TRIAMCINOLONE TOPICAL","Total",288,0
"RXDRGNAM","ind","TRIAMTERENE","Total",21,0
"RXDRGNAM","ind","TRIPROLIDINE","Total",10,0
"RXDRGNAM","ind","UBIQUINONE","Total",20,0
"RXDRGNAM","ind","VALACYCLOVIR","Total",112,0
"RXDRGNAM","ind","VALSARTAN","Total",154,0
"RXDRGNAM","ind","VARENICLINE","Total",46,0
"RXDRGNAM","ind","VENLAFAXINE","Total",232,0
"RXDRGNAM","ind","VERAPAMIL","Total",83,0
"RXDRGNAM","ind","VILAZODONE","Total",40,0
"RXDRGNAM","ind","VITAMIN A","Total",10,0
"RXDRGNAM","ind","VITAMIN E","Total",22,0
"RXDRGNAM","ind","WARFARIN","Total",319,0
"RXDRGNAM","ind","ZINC SULFATE","Total",1,0
"RXDRGNAM","ind","ZIPRASIDONE","Total",23,0
"RXDRGNAM","ind","ZOLPIDEM","Total",327,0
