"rowGrp","colGrp","rowLevels","colLevels","totEXP","totEXP_se"
"TC1name","ind","Alternative Medicines","Total",1118710516.62045,204674113.572278
"TC1name","ind","Anti-Infectives","Total",15296339406.6005,2233140042.87693
"TC1name","ind","Antineoplastics","Total",8767590816.82351,1801715234.98156
"TC1name","ind","Biologicals","Total",68222491.9921448,37385541.8462735
"TC1name","ind","Cardiovascular Agents","Total",24566679178.1836,906090270.607788
"TC1name","ind","Central Nervous System Agents","Total",38995755753.8669,1897575405.68813
"TC1name","ind","Coagulation Modifiers","Total",27076009783.8534,13584015834.1187
"TC1name","ind","Gastrointestinal Agents","Total",17873867834.0272,1227166991.61429
"TC1name","ind","Genitourinary Tract Agents","Total",3172203345.1962,448204000.510845
"TC1name","ind","Hormones/Hormone Modifiers","Total",12171294868.5338,699478936.123765
"TC1name","ind","Immunologic Agents","Total",12250033282.713,2337484719.14293
"TC1name","ind","Metabolic Agents","Total",50973919614.6637,1932855841.19556
"TC1name","ind","Miscellaneous Agents","Total",18430108339.2756,2772477190.80579
"TC1name","ind","Not Ascertained","Total",4232391542.88945,356508620.208247
"TC1name","ind","Nutritional Products","Total",3550690034.08051,324551529.465441
"TC1name","ind","Psychotherapeutic Agents","Total",24266757855.1087,1512255074.02338
"TC1name","ind","Respiratory Agents","Total",23151659258.3174,1231944367.39258
"TC1name","ind","Topical Agents","Total",10797265599.3193,692508690.35956
"RXDRGNAM","ind","ABACAVIR","Total",19507114.1120899,19507114.1120899
"RXDRGNAM","ind","ABACAVIR-LAMIVUDINE","Total",166875003.596632,75176737.2109029
"RXDRGNAM","ind","ABACAVIR/LAMIVUDINE/ZIDOVUDINE","Total",29963226.044866,24838600.5963614
"RXDRGNAM","ind","ACAMPROSATE","Total",2957314.08182658,2957314.08182658
"RXDRGNAM","ind","ACARBOSE","Total",9324571.46332639,5835391.4859167
"RXDRGNAM","ind","ACEBUTOLOL","Total",9541508.33625774,4614893.25526779
"RXDRGNAM","ind","ACETAMINOPHEN","Total",33258441.9266549,4995791.6097707
"RXDRGNAM","ind","ACETAMINOPHEN-BUTALBITAL","Total",1681862.1096119,1616345.91355551
"RXDRGNAM","ind","ACETAMINOPHEN-CODEINE","Total",92520186.9065588,10659377.4871184
"RXDRGNAM","ind","ACETAMINOPHEN-DIPHENHYDRAMINE","Total",134475.43443813,134475.43443813
"RXDRGNAM","ind","ACETAMINOPHEN-HYDROCODONE","Total",1139679194.62222,90509256.3388642
"RXDRGNAM","ind","ACETAMINOPHEN-OXYCODONE","Total",1285642863.00749,223036504.254802
"RXDRGNAM","ind","ACETAMINOPHEN-PHENYLTOLOXAMINE","Total",190490.866978,190490.866978
"RXDRGNAM","ind","ACETAMINOPHEN-TRAMADOL","Total",123215337.340588,32857097.6470949
"RXDRGNAM","ind","ACETAMINOPHEN/BUTALBITAL/CAFFEINE","Total",54160390.755883,15067506.549386
"RXDRGNAM","ind","ACETAZOLAMIDE","Total",58747166.0565885,44550389.4423602
"RXDRGNAM","ind","ACETIC ACID-HYDROCORTISONE OTIC","Total",1541790.68800472,1541790.68800472
"RXDRGNAM","ind","ACETIC ACID OTIC","Total",879157.31168806,661317.006188303
"RXDRGNAM","ind","ACETIC ACID TOPICAL","Total",570041.07592698,570041.07592698
"RXDRGNAM","ind","ACETIC/ANTIPYRINE/BENZOCAINE/POLYCOS OTIC","Total",1217588.5317565,878722.615872306
"RXDRGNAM","ind","ACETYLCYSTEINE","Total",839224.12176,773807.603624661
"RXDRGNAM","ind","ACITRETIN","Total",91155061.9209083,68731969.4998103
"RXDRGNAM","ind","ACYCLOVIR","Total",84460292.3053601,19358103.7575782
"RXDRGNAM","ind","ACYCLOVIR TOPICAL","Total",49081385.7184579,20404865.2111233
"RXDRGNAM","ind","ADALIMUMAB","Total",5350395763.60465,1408954466.85563
"RXDRGNAM","ind","ADAPALENE-BENZOYL PEROXIDE TOPICAL","Total",51106129.7745491,16361905.1585974
"RXDRGNAM","ind","ADAPALENE TOPICAL","Total",93650883.8846144,32535823.3318499
"RXDRGNAM","ind","AL HYDROXIDE/ASA/CA CARBONATE/MG HYDROXIDE","Total",69272.31264294,69272.31264294
"RXDRGNAM","ind","AL HYDROXIDE/MG HYDROXIDE/SIMETHICONE","Total",403066.73061523,210988.248900978
"RXDRGNAM","ind","ALBUTEROL","Total",1962271985.22554,110221668.362398
"RXDRGNAM","ind","ALBUTEROL-IPRATROPIUM","Total",1002646490.02855,221351258.393763
"RXDRGNAM","ind","ALCAFTADINE OPHTHALMIC","Total",1967382.5487399,1498771.98618547
"RXDRGNAM","ind","ALCLOMETASONE TOPICAL","Total",1873730.88886943,1339167.36285331
"RXDRGNAM","ind","ALENDRONATE","Total",400499276.869264,47168448.7081682
"RXDRGNAM","ind","ALENDRONATE-CHOLECALCIFEROL","Total",58335146.4050931,30765814.4346416
"RXDRGNAM","ind","ALFUZOSIN","Total",203152747.023358,74331901.8728537
"RXDRGNAM","ind","ALISKIREN","Total",194137723.294629,55120952.7180776
"RXDRGNAM","ind","ALISKIREN-AMLODIPINE","Total",4092283.88440433,4092283.88440433
"RXDRGNAM","ind","ALISKIREN-HYDROCHLOROTHIAZIDE","Total",105994377.913762,51179476.5118298
"RXDRGNAM","ind","ALISKIREN-VALSARTAN","Total",69226376.9435497,28602723.2298781
"RXDRGNAM","ind","ALLOPURINOL","Total",99498600.7257897,10736220.7550389
"RXDRGNAM","ind","ALMOTRIPTAN","Total",3338388.86270711,3338388.86270711
"RXDRGNAM","ind","ALOE VERA TOPICAL","Total",110081.9916954,110081.9916954
"RXDRGNAM","ind","ALOH/DIPHENHYD/LIDOCAINE/MGOH/SIMETH TOPICAL","Total",1674326.13223061,1067140.96213532
"RXDRGNAM","ind","ALOSETRON","Total",135976799.040312,121827980.752582
"RXDRGNAM","ind","ALPRAZOLAM","Total",512386026.567597,77676884.677175
"RXDRGNAM","ind","ALPROSTADIL","Total",38804782.4966796,23924469.483504
"RXDRGNAM","ind","ALUMINUM CHLORIDE HEXAHYDRATE TOPICAL","Total",391898.30262564,291725.228227406
"RXDRGNAM","ind","ALUMINUM HYDROXIDE-MAGNESIUM HYDROXIDE","Total",368220.02210136,219010.044265677
"RXDRGNAM","ind","AMANTADINE","Total",19842012.4778558,7169812.55266037
"RXDRGNAM","ind","AMILORIDE","Total",755506.62297075,755506.62297075
"RXDRGNAM","ind","AMILORIDE-HYDROCHLOROTHIAZIDE","Total",2262481.61518534,1542664.13772644
"RXDRGNAM","ind","AMIODARONE","Total",101925474.282024,30726693.5983402
"RXDRGNAM","ind","AMITRIPTYLINE","Total",110490052.764558,31825321.0721297
"RXDRGNAM","ind","AMITRIPTYLINE-CHLORDIAZEPOXIDE","Total",3978224.58206514,3367162.17681607
"RXDRGNAM","ind","AMITRIPTYLINE-PERPHENAZINE","Total",8790697.78875984,6419520.45180983
"RXDRGNAM","ind","AMLODIPINE","Total",1129400330.82829,77585574.6768625
"RXDRGNAM","ind","AMLODIPINE-ATORVASTATIN","Total",311288987.861977,100533337.059489
"RXDRGNAM","ind","AMLODIPINE-BENAZEPRIL","Total",603696638.965714,81429493.5304273
"RXDRGNAM","ind","AMLODIPINE-OLMESARTAN","Total",331991225.630191,101022103.386242
"RXDRGNAM","ind","AMLODIPINE-TELMISARTAN","Total",9606941.06376849,9606941.06376849
"RXDRGNAM","ind","AMLODIPINE-VALSARTAN","Total",534462473.84717,112876962.762117
"RXDRGNAM","ind","AMLODIPINE/HYDROCHLOROTHIAZIDE/OLMESARTAN","Total",50699759.9462657,25766059.1749814
"RXDRGNAM","ind","AMLODIPINE/HYDROCHLOROTHIAZIDE/VALSARTAN","Total",27280277.1916807,19996706.2749969
"RXDRGNAM","ind","AMMONIUM LACTATE-HALOBETASOL TOPICAL","Total",1224555.99607005,1224555.99607005
"RXDRGNAM","ind","AMMONIUM LACTATE TOPICAL","Total",6344377.13884239,1664723.29831268
"RXDRGNAM","ind","AMOXICILLIN","Total",238124750.08616,12338309.0068658
"RXDRGNAM","ind","AMOXICILLIN-CLAVULANATE","Total",236166227.99501,25540841.01208
"RXDRGNAM","ind","AMOXICILLIN/CLARITHROMYCIN/LANSOPRAZOLE","Total",78026246.8754378,66598480.060641
"RXDRGNAM","ind","AMPHETAMINE-DEXTROAMPHETAMINE","Total",1826835824.74473,302203027.065475
"RXDRGNAM","ind","AMPICILLIN","Total",2443043.02001109,690045.099152487
"RXDRGNAM","ind","ANASTROZOLE","Total",149052163.273534,43331612.4180885
"RXDRGNAM","ind","ANTIPYRINE-BENZOCAINE OTIC","Total",3696196.35054603,856941.379667491
"RXDRGNAM","ind","ANTIPYRINE/BENZOCAINE/ZINC ACETATE OTIC","Total",1332300.1396728,1332300.1396728
"RXDRGNAM","ind","APAP/BUTALBITAL/CAFFEINE/CODEINE","Total",427616.36824338,226414.774995849
"RXDRGNAM","ind","APAP/CAFFEINE/ISOMETHEPTENE MUCATE","Total",60719132.6262659,30996091.3171927
"RXDRGNAM","ind","APAP/CHLORPHENIRAMINE/PE/PHENYLTOLOXAMINE","Total",3688272.5367564,3646259.50910926
"RXDRGNAM","ind","APAP/DICHLORALPHENAZONE/ISOMETHEPTENE","Total",5246965.89821677,1883957.05487578
"RXDRGNAM","ind","APREPITANT","Total",3734288.66055696,3734288.66055696
"RXDRGNAM","ind","ARFORMOTEROL","Total",113225172.846176,111093591.722507
"RXDRGNAM","ind","ARIPIPRAZOLE","Total",4284370715.32657,691989048.109538
"RXDRGNAM","ind","ARMODAFINIL","Total",365762012.570486,256479435.846973
"RXDRGNAM","ind","ASCORBIC ACID","Total",1996417.6160986,1158904.15424479
"RXDRGNAM","ind","ASCORBIC ACID-CARBONYL IRON","Total",1213416.9986463,1213416.9986463
"RXDRGNAM","ind","ASENAPINE","Total",150062774.880692,113300281.934089
"RXDRGNAM","ind","ASPIRIN","Total",88991697.182055,10566062.106293
"RXDRGNAM","ind","ASPIRIN-DIPYRIDAMOLE","Total",822460193.969092,215383264.960894
"RXDRGNAM","ind","ASPIRIN-OXYCODONE","Total",4748532.45106345,4172537.57571748
"RXDRGNAM","ind","ASPIRIN/BUTALBITAL/CAFFEINE","Total",16456262.7343194,7159916.22114543
"RXDRGNAM","ind","ASPIRIN/BUTALBITAL/CAFFEINE/CODEINE","Total",8839241.98224975,8405397.80480684
"RXDRGNAM","ind","ATAZANAVIR","Total",1018243322.30685,420740499.227971
"RXDRGNAM","ind","ATENOLOL","Total",453757872.538202,39444461.4394643
"RXDRGNAM","ind","ATENOLOL-CHLORTHALIDONE","Total",44607105.6103098,11507161.6678496
"RXDRGNAM","ind","ATOMOXETINE","Total",510368850.531449,126929781.579781
"RXDRGNAM","ind","ATORVASTATIN","Total",9087659951.38331,655046438.027486
"RXDRGNAM","ind","ATOVAQUONE-PROGUANIL","Total",57071120.1121867,31273162.7790868
"RXDRGNAM","ind","ATROPINE-DIPHENOXYLATE","Total",14048776.366446,5005828.39972024
"RXDRGNAM","ind","ATROPINE OPHTHALMIC","Total",2295588.38094405,1393220.29429845
"RXDRGNAM","ind","ATROPINE/CPM/HYOSCYAMINE/PSE/SCOPOLAMINE","Total",1579028.24364888,1579028.24364888
"RXDRGNAM","ind","ATROPINE/HYOSCYAMINE/PB/SCOPOLAMINE","Total",6345046.5619874,3903554.385069
"RXDRGNAM","ind","ATTAPULGITE","Total",771658.38924681,503340.60553825
"RXDRGNAM","ind","AZATHIOPRINE","Total",32578208.2280911,9396019.32146675
"RXDRGNAM","ind","AZELAIC ACID TOPICAL","Total",50410056.664386,18494605.7479869
"RXDRGNAM","ind","AZELASTINE NASAL","Total",150295838.517306,42666283.3775813
"RXDRGNAM","ind","AZELASTINE OPHTHALMIC","Total",701048.0313031,701048.0313031
"RXDRGNAM","ind","AZILSARTAN","Total",5071532.9878061,4487363.05915037
"RXDRGNAM","ind","AZITHROMYCIN","Total",672196028.585548,59829284.8010227
"RXDRGNAM","ind","AZITHROMYCIN OPHTHALMIC","Total",48453525.2788313,32170091.0902458
"RXDRGNAM","ind","BACITRACIN-POLYMYXIN B OPHTHALMIC","Total",164963.91517424,164963.91517424
"RXDRGNAM","ind","BACITRACIN-POLYMYXIN B TOPICAL","Total",19781708.6274451,4217380.87665326
"RXDRGNAM","ind","BACITRACIN OPHTHALMIC","Total",414448.34249106,293604.227241411
"RXDRGNAM","ind","BACITRACIN TOPICAL","Total",2037661.65679146,1307322.92283903
"RXDRGNAM","ind","BACITRACIN/HC/NEOMYCIN/POLYMYXIN B TOPICAL","Total",2625346.72478301,1861366.8303785
"RXDRGNAM","ind","BACITRACIN/NEOMYCIN/POLYMYXIN B TOPICAL","Total",390308.33751688,153713.525375349
"RXDRGNAM","ind","BACLOFEN","Total",56753347.7526844,11362565.9016226
"RXDRGNAM","ind","BECAPLERMIN TOPICAL","Total",5696255.9108445,5696255.9108445
"RXDRGNAM","ind","BECLOMETHASONE","Total",402929659.628506,70284479.1394288
"RXDRGNAM","ind","BECLOMETHASONE NASAL","Total",4848251.28336195,3715497.14048561
"RXDRGNAM","ind","BENAZEPRIL","Total",85778596.9273988,12303178.6348178
"RXDRGNAM","ind","BENAZEPRIL-HYDROCHLOROTHIAZIDE","Total",27936603.0224674,5810875.02213794
"RXDRGNAM","ind","BENDROFLUMETHIAZIDE-NADOLOL","Total",24175651.6606618,24175651.6606618
"RXDRGNAM","ind","BENZOCAINE TOPICAL","Total",402648.86937705,297366.41975209
"RXDRGNAM","ind","BENZONATATE","Total",91306760.9370553,18457073.5057074
"RXDRGNAM","ind","BENZOYL PEROXIDE-CLINDAMYCIN TOPICAL","Total",137164637.595229,34105285.8906106
"RXDRGNAM","ind","BENZOYL PEROXIDE-ERYTHROMYCIN TOPICAL","Total",3594293.9777489,1631754.9817704
"RXDRGNAM","ind","BENZOYL PEROXIDE TOPICAL","Total",44278868.3447819,14663671.3436706
"RXDRGNAM","ind","BENZTROPINE","Total",12025288.3822416,2684741.98188016
"RXDRGNAM","ind","BENZYL ALCOHOL TOPICAL","Total",1041650.55258084,1041650.55258084
"RXDRGNAM","ind","BEPOTASTINE OPHTHALMIC","Total",23832797.3901803,9750069.63326307
"RXDRGNAM","ind","BESIFLOXACIN OPHTHALMIC","Total",10470125.5557697,3416368.1889186
"RXDRGNAM","ind","BETAMETHASONE-CALCIPOTRIENE TOPICAL","Total",150092938.81111,74108421.9671329
"RXDRGNAM","ind","BETAMETHASONE-CLOTRIMAZOLE TOPICAL","Total",31644419.3805924,10262827.0406892
"RXDRGNAM","ind","BETAMETHASONE TOPICAL","Total",62924459.7490162,19754339.5711563
"RXDRGNAM","ind","BETAXOLOL OPHTHALMIC","Total",44993832.6463465,25779310.4548597
"RXDRGNAM","ind","BETHANECHOL","Total",6968075.73034177,5035054.15940879
"RXDRGNAM","ind","BICALUTAMIDE","Total",97934903.6581585,39035759.296114
"RXDRGNAM","ind","BIFIDOBACTERIUM-LACTOBACILLUS","Total",5996962.37742139,5410077.31122611
"RXDRGNAM","ind","BIMATOPROST OPHTHALMIC","Total",393785652.632156,97568952.0221099
"RXDRGNAM","ind","BIMATOPROST TOPICAL OPHTHALMIC","Total",9188139.83058012,4881642.53697841
"RXDRGNAM","ind","BIOFLAVONOIDS","Total",834445.63817355,834445.63817355
"RXDRGNAM","ind","BIOFLAVONOIDS-ZINC GLYCINATE","Total",13211219.5542509,9343720.29672418
"RXDRGNAM","ind","BISACODYL","Total",2876060.3886418,1011841.59177522
"RXDRGNAM","ind","BISACODYL-PEG 3350 WITH ELECTROLYTES","Total",2538614.15093245,1532855.41674288
"RXDRGNAM","ind","BISMUTH SUBCITRATE POTASSIUM/METRONIDAZO/TCN","Total",7450873.2078268,7450873.2078268
"RXDRGNAM","ind","BISMUTH SUBSALICYLATE","Total",519455.8047408,411504.43605315
"RXDRGNAM","ind","BISMUTH SUBSALICYLATE/METRONIDAZOLE/TCN","Total",2074333.15877024,2074333.15877024
"RXDRGNAM","ind","BISOPROLOL","Total",103718529.562845,28042585.0259083
"RXDRGNAM","ind","BISOPROLOL-HYDROCHLOROTHIAZIDE","Total",82367064.1852802,13200685.8401315
"RXDRGNAM","ind","BRIMONIDINE-TIMOLOL OPHTHALMIC","Total",208379225.595287,53262046.769546
"RXDRGNAM","ind","BRIMONIDINE OPHTHALMIC","Total",214090270.769383,41516616.7562364
"RXDRGNAM","ind","BRINZOLAMIDE OPHTHALMIC","Total",157246113.484029,61446452.4603419
"RXDRGNAM","ind","BROMFENAC OPHTHALMIC","Total",38979490.9897763,13334363.0476177
"RXDRGNAM","ind","BROMOCRIPTINE","Total",70530705.4449306,54645220.5304973
"RXDRGNAM","ind","BROMPHENIRAMINE","Total",7603685.22312325,3151425.84753415
"RXDRGNAM","ind","BROMPHENIRAMINE-PHENYLEPHRINE","Total",2479862.40115747,1472649.55490014
"RXDRGNAM","ind","BROMPHENIRAMINE-PSEUDOEPHEDRINE","Total",6673486.31387944,4789966.81765121
"RXDRGNAM","ind","BROMPHENIRAMINE/DEXTROMETHORPH/PHENYLEPHRINE","Total",7543581.50982773,6531948.48119127
"RXDRGNAM","ind","BROMPHENIRAMINE/DEXTROMETHORPHAN/PSE","Total",10202876.7626805,3369361.84166828
"RXDRGNAM","ind","BROMPHENIRAMINE/DM/GUAIFENESIN/PHENYLEPHRINE","Total",53288.36806048,53288.36806048
"RXDRGNAM","ind","BUDESONIDE","Total",1770868573.01316,394867397.408453
"RXDRGNAM","ind","BUDESONIDE-FORMOTEROL","Total",1113054802.12689,172171850.392487
"RXDRGNAM","ind","BUDESONIDE NASAL","Total",67337687.7580737,43461397.9566625
"RXDRGNAM","ind","BUMETANIDE","Total",30901767.5949237,10165472.858386
"RXDRGNAM","ind","BUPROPION","Total",1654236044.10186,143068982.677351
"RXDRGNAM","ind","BUSPIRONE","Total",76363635.171363,12914006.0155141
"RXDRGNAM","ind","BUTABARBITAL/HYOSCYAMINE/PHENAZOPYRIDINE","Total",13159.74421609,13159.74421609
"RXDRGNAM","ind","BUTENAFINE TOPICAL","Total",1367466.49201812,1367466.49201812
"RXDRGNAM","ind","BUTORPHANOL","Total",21890496.7937604,16997754.4782627
"RXDRGNAM","ind","CABERGOLINE","Total",96280797.4484964,73163494.4119116
"RXDRGNAM","ind","CALAMINE TOPICAL","Total",1627042.59937526,1578176.27389813
"RXDRGNAM","ind","CALCIPOTRIENE TOPICAL","Total",87972994.5249994,60637008.2967943
"RXDRGNAM","ind","CALCITONIN","Total",22448595.7202443,7356994.76169742
"RXDRGNAM","ind","CALCITRIOL","Total",94280805.5601845,30502419.512484
"RXDRGNAM","ind","CALCITRIOL TOPICAL","Total",87801887.0660323,55509975.8177526
"RXDRGNAM","ind","CALCIUM-VITAMIN D","Total",15790058.5393661,3283136.29678039
"RXDRGNAM","ind","CALCIUM ACETATE","Total",110784932.698512,51260415.4346329
"RXDRGNAM","ind","CALCIUM CARBONATE","Total",9544141.91696362,2534146.41375267
"RXDRGNAM","ind","CALCIUM CARBONATE-MAGNESIUM CHLORIDE","Total",8220201.22834883,6372381.30537555
"RXDRGNAM","ind","CALCIUM CARBONATE-RISEDRONATE","Total",552604.6686737,552604.6686737
"RXDRGNAM","ind","CALCIUM CITRATE","Total",1460060.8478409,673093.093652526
"RXDRGNAM","ind","CALCIUM GLUBIONATE","Total",10918.94125238,10918.94125238
"RXDRGNAM","ind","CALCIUM GLUCONATE","Total",1146004.05259494,1146004.05259494
"RXDRGNAM","ind","CALCIUM LACTATE","Total",948.0682152,948.0682152
"RXDRGNAM","ind","CAMPHOR-MENTHOL TOPICAL","Total",635857.2296448,635857.2296448
"RXDRGNAM","ind","CANDESARTAN","Total",89313903.1281838,37164723.4366685
"RXDRGNAM","ind","CANDESARTAN-HYDROCHLOROTHIAZIDE","Total",33529361.8152354,22352074.013326
"RXDRGNAM","ind","CAPECITABINE","Total",2002230185.93998,854382834.388105
"RXDRGNAM","ind","CAPSAICIN TOPICAL","Total",3568648.97839284,1815707.59819435
"RXDRGNAM","ind","CAPTOPRIL","Total",7435979.95494893,2629875.40862123
"RXDRGNAM","ind","CARBAMAZEPINE","Total",238884713.46296,56453472.7537511
"RXDRGNAM","ind","CARBAMIDE PEROXIDE OTIC","Total",4749638.98219071,908699.682433108
"RXDRGNAM","ind","CARBETAPENTANE-GUAIFENESIN","Total",1557743.9088093,1274376.85354918
"RXDRGNAM","ind","CARBETAPENTANE/GUAIFENESIN/PSEUDOEPHEDRINE","Total",173835.83623125,173835.83623125
"RXDRGNAM","ind","CARBETAPENTANE/PSEUDOEPHEDRINE/PYRILAMINE","Total",405649.29437968,304688.803936858
"RXDRGNAM","ind","CARBIDOPA","Total",100892090.717411,56892482.9646903
"RXDRGNAM","ind","CARBIDOPA-LEVODOPA","Total",272367366.421676,109463515.467228
"RXDRGNAM","ind","CARBIDOPA/ENTACAPONE/LEVODOPA","Total",13754833.2797871,10822215.3730194
"RXDRGNAM","ind","CARBINOXAMINE","Total",424491.6463669,424491.6463669
"RXDRGNAM","ind","CARISOPRODOL","Total",129845604.058568,24379912.5485999
"RXDRGNAM","ind","CARVEDILOL","Total",699055895.267034,143780271.302323
"RXDRGNAM","ind","CEFADROXIL","Total",4384390.06549837,1877525.57703532
"RXDRGNAM","ind","CEFDINIR","Total",146619013.740173,24757739.2945799
"RXDRGNAM","ind","CEFDITOREN","Total",4671146.7571152,4671146.7571152
"RXDRGNAM","ind","CEFIXIME","Total",32384754.0470909,12624034.136152
"RXDRGNAM","ind","CEFPODOXIME","Total",8725560.56272345,6012764.99890281
"RXDRGNAM","ind","CEFPROZIL","Total",11138003.8273987,3050357.27597951
"RXDRGNAM","ind","CEFTIBUTEN","Total",1185465.06100108,1185465.06100108
"RXDRGNAM","ind","CEFTRIAXONE","Total",33982161.9440811,22422696.4070497
"RXDRGNAM","ind","CEFUROXIME","Total",24655896.691825,7348567.38709741
"RXDRGNAM","ind","CELECOXIB","Total",1992079364.53366,308818362.177551
"RXDRGNAM","ind","CEPHALEXIN","Total",100914881.619606,12347036.670698
"RXDRGNAM","ind","CETIRIZINE","Total",77399841.6406148,8810430.84825964
"RXDRGNAM","ind","CETIRIZINE-PSEUDOEPHEDRINE","Total",6706134.59964312,5380079.19366111
"RXDRGNAM","ind","CEVIMELINE","Total",128073937.730012,92085414.3939682
"RXDRGNAM","ind","CHLOPHEDIANOL/DEXBROMPHENIRAMINE/PE","Total",439669.26442835,300611.058908631
"RXDRGNAM","ind","CHLOPHEDIANOL/DEXCHLORPHENIRAMINE/PSE","Total",554426.8344238,354839.7051278
"RXDRGNAM","ind","CHLOPHEDIANOL/GUAIFENESIN/PSEUDOEPHEDRINE","Total",730954.60310924,426944.598167676
"RXDRGNAM","ind","CHLORCYCLIZINE-PHENYLEPHRINE","Total",595779.61625402,595779.61625402
"RXDRGNAM","ind","CHLORDIAZEPOXIDE","Total",4278518.6969034,2600045.79572986
"RXDRGNAM","ind","CHLORDIAZEPOXIDE-CLIDINIUM","Total",29898695.7256336,13626746.5246961
"RXDRGNAM","ind","CHLORHEXIDINE TOPICAL","Total",10124323.5703741,1699741.01249178
"RXDRGNAM","ind","CHLOROQUINE","Total",2090250.7286238,1356560.60317644
"RXDRGNAM","ind","CHLOROTHIAZIDE","Total",1233495.91516113,937194.917095078
"RXDRGNAM","ind","CHLORPHENIRAMINE","Total",8482951.71065703,6278692.73828345
"RXDRGNAM","ind","CHLORPHENIRAMINE-HYDROCODONE","Total",72034392.3961662,35285504.8070767
"RXDRGNAM","ind","CHLORPHENIRAMINE-PHENYLEPHRINE","Total",8027032.58687765,2874983.89981073
"RXDRGNAM","ind","CHLORPHENIRAMINE-PSEUDOEPHEDRINE","Total",8097718.48973412,4446180.63671288
"RXDRGNAM","ind","CHLORPHENIRAMINE/DEXTROMETHORP/PHENYLEPHRINE","Total",9801366.32848883,3240611.07997428
"RXDRGNAM","ind","CHLORPHENIRAMINE/DEXTROMETHORPHAN/PSE","Total",3275303.29258231,1377698.22887016
"RXDRGNAM","ind","CHLORPHENIRAMINE/DIHYDROCODEINE/PHENYLEPHRINE","Total",292651.5966759,292651.5966759
"RXDRGNAM","ind","CHLORPHENIRAMINE/DM/GUAIFENESIN/PHENYLEPHRINE","Total",313013.4872788,313013.4872788
"RXDRGNAM","ind","CHLORPHENIRAMINE/HYDROCODONE/PSE","Total",2291261.0293386,1411878.09508816
"RXDRGNAM","ind","CHLORPHENIRAMINE/METHSCOPOLAMINE/PE","Total",1724730.27341342,1413811.25944667
"RXDRGNAM","ind","CHLORPHENIRAMINE/METHSCOPOLAMINE/PSE","Total",3187798.0385139,2698213.92730752
"RXDRGNAM","ind","CHLORPHENIRAMINE/PHENYLEPHRINE/PYRILAMINE","Total",2992269.187594,2066589.25244098
"RXDRGNAM","ind","CHLORPROMAZINE","Total",9292615.42627364,4096652.23734233
"RXDRGNAM","ind","CHLORTHALIDONE","Total",34641122.3855412,8166344.39027184
"RXDRGNAM","ind","CHLORZOXAZONE","Total",2567178.38180658,1740733.88375648
"RXDRGNAM","ind","CHOLECALCIFEROL","Total",30329748.672553,4909344.77035154
"RXDRGNAM","ind","CHOLESTYRAMINE","Total",31509247.7114043,13348333.4772766
"RXDRGNAM","ind","CHONDROITIN-GLUCOSAMINE","Total",9932506.63644048,5462589.73946668
"RXDRGNAM","ind","CHORIONIC GONADOTROPIN (HCG)","Total",37169414.7100784,13788904.8287359
"RXDRGNAM","ind","CICLESONIDE","Total",103468289.759932,39517236.5960076
"RXDRGNAM","ind","CICLESONIDE NASAL","Total",86301681.7501069,37534231.2031102
"RXDRGNAM","ind","CICLOPIROX TOPICAL","Total",45666231.3015183,21170073.6088589
"RXDRGNAM","ind","CILOSTAZOL","Total",100808465.696093,46195485.7654728
"RXDRGNAM","ind","CIMETIDINE","Total",10385437.3678002,4420552.17692582
"RXDRGNAM","ind","CIPROFLOXACIN","Total",177353583.119292,23639968.6091999
"RXDRGNAM","ind","CIPROFLOXACIN-DEXAMETHASONE OTIC","Total",96625399.4999185,16000530.2943724
"RXDRGNAM","ind","CIPROFLOXACIN-HYDROCORTISONE OTIC","Total",18837025.647726,5432501.05058268
"RXDRGNAM","ind","CIPROFLOXACIN OPHTHALMIC","Total",8199180.5722146,1522849.25655732
"RXDRGNAM","ind","CITALOPRAM","Total",446675880.401326,38547387.2825136
"RXDRGNAM","ind","CITRIC ACID-POTASSIUM CITRATE","Total",90246.60342,90246.60342
"RXDRGNAM","ind","CITRIC ACID/K CITRATE/NA CITRATE","Total",82240415.8223667,82240415.8223667
"RXDRGNAM","ind","CLARITHROMYCIN","Total",68918478.2676886,12003602.3747478
"RXDRGNAM","ind","CLEMASTINE","Total",3658730.95861891,2808332.35513343
"RXDRGNAM","ind","CLINDAMYCIN","Total",80289613.6092413,12765839.3237225
"RXDRGNAM","ind","CLINDAMYCIN-TRETINOIN TOPICAL","Total",62969999.5146169,23527109.0777669
"RXDRGNAM","ind","CLINDAMYCIN TOPICAL","Total",30418388.7893983,7643621.34453166
"RXDRGNAM","ind","CLOBETASOL TOPICAL","Total",205451954.792995,60168729.5159345
"RXDRGNAM","ind","CLOCORTOLONE TOPICAL","Total",29758286.403149,21229445.8044964
"RXDRGNAM","ind","CLOMIPHENE","Total",7049071.96392138,2201251.72708484
"RXDRGNAM","ind","CLOMIPRAMINE","Total",2534377.11272174,1709235.5644194
"RXDRGNAM","ind","CLONAZEPAM","Total",267782919.804099,36014133.6967411
"RXDRGNAM","ind","CLONIDINE","Total",228027233.511212,48156019.9401629
"RXDRGNAM","ind","CLOPIDOGREL","Total",8330586093.15792,643145071.202053
"RXDRGNAM","ind","CLORAZEPATE","Total",4448058.323681,2078411.59920073
"RXDRGNAM","ind","CLOTRIMAZOLE","Total",27408318.4174573,14756472.7567292
"RXDRGNAM","ind","CLOTRIMAZOLE TOPICAL","Total",11864997.2819083,2439251.17166107
"RXDRGNAM","ind","CLOZAPINE","Total",145247864.230734,100751518.979902
"RXDRGNAM","ind","CODEINE","Total",9009104.7434806,4911368.33223735
"RXDRGNAM","ind","CODEINE-GUAIFENESIN","Total",15229131.3830016,1720429.45053279
"RXDRGNAM","ind","CODEINE-PROMETHAZINE","Total",12165225.6328338,2661174.08908184
"RXDRGNAM","ind","CODEINE/GUAIFENESIN/PSEUDOEPHEDRINE","Total",784037.20828382,393554.25230855
"RXDRGNAM","ind","CODEINE/PHENYLEPHRINE/PROMETHAZINE","Total",950173.83387256,254716.342506049
"RXDRGNAM","ind","COLCHICINE","Total",197020161.99336,48710182.0568992
"RXDRGNAM","ind","COLCHICINE-PROBENECID","Total",948114.65663,519688.890429056
"RXDRGNAM","ind","COLESEVELAM","Total",386558671.583622,100627757.079417
"RXDRGNAM","ind","COLESTIPOL","Total",18881823.2794155,7445356.06538552
"RXDRGNAM","ind","COLISTIN/HC/NEOMYCIN/THONZONIUM OTIC","Total",2151755.22043741,1578104.79856474
"RXDRGNAM","ind","COLLAGENASE TOPICAL","Total",5101995.3922,3556833.32397016
"RXDRGNAM","ind","CONJUGATED ESTROGENS","Total",627530703.910399,85570718.6111495
"RXDRGNAM","ind","CONJUGATED ESTROGENS-MEDROXYPROGESTERONE","Total",220601259.93411,60365232.2549724
"RXDRGNAM","ind","CONJUGATED ESTROGENS TOPICAL","Total",130541938.571383,41255903.7891648
"RXDRGNAM","ind","CORTISONE","Total",1688905.03292221,1568853.61123564
"RXDRGNAM","ind","CROMOLYN NASAL","Total",154490.5729451,154490.5729451
"RXDRGNAM","ind","CYANOCOBALAMIN","Total",59944853.772334,17007017.0687834
"RXDRGNAM","ind","CYCLOBENZAPRINE","Total",328765264.003186,80718600.1344526
"RXDRGNAM","ind","CYCLOPENTOLATE OPHTHALMIC","Total",4079829.0476006,3787414.92327394
"RXDRGNAM","ind","CYCLOPHOSPHAMIDE","Total",81842764.2229045,53390934.2799577
"RXDRGNAM","ind","CYCLOSPORINE","Total",54796871.1334431,21695759.688229
"RXDRGNAM","ind","CYCLOSPORINE OPHTHALMIC","Total",872452995.91359,183879243.803434
"RXDRGNAM","ind","CYPROHEPTADINE","Total",9435627.90493868,3131369.14188226
"RXDRGNAM","ind","DABIGATRAN","Total",401761519.499169,96807561.8349749
"RXDRGNAM","ind","DALFAMPRIDINE","Total",37100837.418311,37100837.418311
"RXDRGNAM","ind","DALTEPARIN","Total",9949954.95653451,7615334.40149425
"RXDRGNAM","ind","DAPSONE TOPICAL","Total",24967037.5165252,12537426.1248627
"RXDRGNAM","ind","DAPTOMYCIN","Total",52798128.6868355,52798128.6868355
"RXDRGNAM","ind","DARBEPOETIN ALFA","Total",1301119.22192802,1301119.22192802
"RXDRGNAM","ind","DARIFENACIN","Total",411994933.544499,121900864.688865
"RXDRGNAM","ind","DARUNAVIR","Total",378853954.380754,182211338.927307
"RXDRGNAM","ind","DESIPRAMINE","Total",19731892.3560139,12685207.7618021
"RXDRGNAM","ind","DESLORATADINE","Total",150276918.287523,48039642.1272076
"RXDRGNAM","ind","DESLORATADINE-PSEUDOEPHEDRINE","Total",82570098.5812279,68927971.8837076
"RXDRGNAM","ind","DESMOPRESSIN","Total",98864150.9468283,69781870.5025586
"RXDRGNAM","ind","DESOGESTREL-ETHINYL ESTRADIOL","Total",317983666.887745,44564863.3762001
"RXDRGNAM","ind","DESONIDE TOPICAL","Total",77636434.8380133,48270381.2664186
"RXDRGNAM","ind","DESOXIMETASONE TOPICAL","Total",133891277.215882,87742005.1478468
"RXDRGNAM","ind","DESVENLAFAXINE","Total",505139186.06662,116313590.316337
"RXDRGNAM","ind","DEXAMETHASONE","Total",6545323.73490392,2311335.9753428
"RXDRGNAM","ind","DEXAMETHASONE-TOBRAMYCIN OPHTHALMIC","Total",62403683.3417417,18520881.1894049
"RXDRGNAM","ind","DEXAMETHASONE OPHTHALMIC","Total",192027.25427631,192027.25427631
"RXDRGNAM","ind","DEXAMETHASONE/NEOMYCIN/POLYMYXIN B OPHTHALMIC","Total",1496986.44153439,506836.292831714
"RXDRGNAM","ind","DEXBROMPHENIRAMINE","Total",176552.34848,176552.34848
"RXDRGNAM","ind","DEXLANSOPRAZOLE","Total",646036497.379268,147046099.96427
"RXDRGNAM","ind","DEXMETHYLPHENIDATE","Total",273219436.921652,64663710.3895712
"RXDRGNAM","ind","DEXTROAMPHETAMINE","Total",104340787.942564,55189485.7774663
"RXDRGNAM","ind","DEXTROMETHORPHAN","Total",8110309.67671148,3448045.31160044
"RXDRGNAM","ind","DEXTROMETHORPHAN-GUAIFENESIN","Total",6381636.41862993,2145386.52137219
"RXDRGNAM","ind","DEXTROMETHORPHAN-PROMETHAZINE","Total",3949409.90495414,1584070.87325076
"RXDRGNAM","ind","DEXTROMETHORPHAN/GUAIFENESIN/PHENYLEPHRINE","Total",411576.34069143,355600.964548219
"RXDRGNAM","ind","DEXTROMETHORPHAN/GUAIFENESIN/PSEUDOEPHEDRINE","Total",886444.48399157,416810.741443279
"RXDRGNAM","ind","DIAZEPAM","Total",229373898.66102,47891199.4170767
"RXDRGNAM","ind","DIBUCAINE TOPICAL","Total",23362.48260864,23362.48260864
"RXDRGNAM","ind","DICLOFENAC","Total",139667588.458046,24619016.2101825
"RXDRGNAM","ind","DICLOFENAC-MISOPROSTOL","Total",279740557.220988,111624074.246129
"RXDRGNAM","ind","DICLOFENAC OPHTHALMIC","Total",4412795.96803249,1832784.15988983
"RXDRGNAM","ind","DICLOFENAC TOPICAL","Total",236309836.64393,51992832.3432454
"RXDRGNAM","ind","DICLOXACILLIN","Total",2054819.8297268,806428.971217588
"RXDRGNAM","ind","DICYCLOMINE","Total",36890432.5867492,8397661.25320091
"RXDRGNAM","ind","DIETHYLPROPION","Total",252638.80769736,252638.80769736
"RXDRGNAM","ind","DIFLORASONE TOPICAL","Total",3555691.91253577,2181203.47281555
"RXDRGNAM","ind","DIFLUNISAL","Total",48663684.1316,24794923.5162907
"RXDRGNAM","ind","DIFLUPREDNATE OPHTHALMIC","Total",22965110.9196856,8473674.06928975
"RXDRGNAM","ind","DIGOXIN","Total",101328054.25321,14504975.1004364
"RXDRGNAM","ind","DIHYDROERGOTAMINE","Total",317949.610055,317949.610055
"RXDRGNAM","ind","DILTIAZEM","Total",863602213.491951,156285685.373427
"RXDRGNAM","ind","DIPHENHYDRAMINE","Total",14802119.1341388,2622617.63580274
"RXDRGNAM","ind","DIPHENHYDRAMINE/HC/NYSTATIN/TCN TOPICAL","Total",550538.25088626,389608.79193933
"RXDRGNAM","ind","DIPHENHYDRAMINE/LIDOCAINE/NYSTATIN TOPICAL","Total",3184890.03183232,1338914.23544814
"RXDRGNAM","ind","DIPYRIDAMOLE","Total",4867923.81654131,4100473.01527005
"RXDRGNAM","ind","DISULFIRAM","Total",956493.74752684,956493.74752684
"RXDRGNAM","ind","DIVALPROEX SODIUM","Total",426619065.613831,75683563.9560381
"RXDRGNAM","ind","DOCUSATE","Total",35081437.5085574,6674740.37881441
"RXDRGNAM","ind","DOCUSATE-SENNA","Total",7863885.67530653,2616464.50186598
"RXDRGNAM","ind","DONEPEZIL","Total",952935028.412863,150481329.813718
"RXDRGNAM","ind","DORZOLAMIDE-TIMOLOL OPHTHALMIC","Total",72707631.3699664,20636589.1475566
"RXDRGNAM","ind","DORZOLAMIDE OPHTHALMIC","Total",40626520.0033583,11566774.0449059
"RXDRGNAM","ind","DOXAZOSIN","Total",85701520.1935194,12278744.598528
"RXDRGNAM","ind","DOXEPIN","Total",14717977.5070344,5715442.08600653
"RXDRGNAM","ind","DOXERCALCIFEROL","Total",46962230.1268847,38740055.4770346
"RXDRGNAM","ind","DOXYCYCLINE","Total",498708432.805028,105591049.01398
"RXDRGNAM","ind","DRONABINOL","Total",29162290.0371049,23352797.5864655
"RXDRGNAM","ind","DRONEDARONE","Total",137071258.2078,57075555.7417967
"RXDRGNAM","ind","DROSPIRENONE-ESTRADIOL","Total",23446526.2884047,18281013.169133
"RXDRGNAM","ind","DROSPIRENONE-ETHINYL ESTRADIOL","Total",640046730.920166,97829901.7650301
"RXDRGNAM","ind","DROSPIRENONE/ETHINYL ESTRADIOL/LEVOMEFOLATE","Total",54493443.7043264,19367096.4351171
"RXDRGNAM","ind","DULOXETINE","Total",2672306924.32586,342480472.111674
"RXDRGNAM","ind","DUTASTERIDE","Total",504785518.403152,106045686.669538
"RXDRGNAM","ind","DUTASTERIDE-TAMSULOSIN","Total",50744163.6727535,30896468.8236089
"RXDRGNAM","ind","ECONAZOLE TOPICAL","Total",15419323.682923,9777191.58732546
"RXDRGNAM","ind","EFAVIRENZ","Total",102348864.903784,99880305.3692663
"RXDRGNAM","ind","EFAVIRENZ/EMTRICITABINE/TENOFOVIR","Total",2831322835.23339,1174906701.71711
"RXDRGNAM","ind","EFLORNITHINE TOPICAL","Total",2635219.88234218,2635219.88234218
"RXDRGNAM","ind","ELECTROLYTE REPLACEMENT SOLUTIONS, ORAL","Total",3121690.40502341,1469171.16384168
"RXDRGNAM","ind","ELETRIPTAN","Total",219434825.169118,117156546.969312
"RXDRGNAM","ind","EMOLLIENTS, TOPICAL","Total",21073960.4877502,6280199.05847123
"RXDRGNAM","ind","EMTRICITABINE-TENOFOVIR","Total",1654958816.4481,567966939.865335
"RXDRGNAM","ind","EMTRICITABINE/RILPIVIRINE/TENOFOVIR","Total",102785568.150122,79567715.5442032
"RXDRGNAM","ind","ENALAPRIL","Total",174061309.328368,26006623.5030072
"RXDRGNAM","ind","ENALAPRIL-HYDROCHLOROTHIAZIDE","Total",10545894.73793,4924060.41275395
"RXDRGNAM","ind","ENOXAPARIN","Total",482796261.230345,154992707.367162
"RXDRGNAM","ind","ENTACAPONE","Total",368119293.301025,200623284.778074
"RXDRGNAM","ind","ENTECAVIR","Total",43307037.9024085,40459640.0922612
"RXDRGNAM","ind","EPINASTINE OPHTHALMIC","Total",29839470.3859591,21365556.423726
"RXDRGNAM","ind","EPINEPHRINE","Total",115444291.044641,26089802.7833513
"RXDRGNAM","ind","EPLERENONE","Total",3040715.4743955,3040715.4743955
"RXDRGNAM","ind","EPOETIN ALFA","Total",66921372.7702168,37362893.7304085
"RXDRGNAM","ind","ERGOCALCIFEROL","Total",103024569.380784,13890770.1062078
"RXDRGNAM","ind","ERYTHROMYCIN","Total",57629264.0699937,12902066.2320017
"RXDRGNAM","ind","ERYTHROMYCIN-SULFISOXAZOLE","Total",90051.94778912,90051.94778912
"RXDRGNAM","ind","ERYTHROMYCIN OPHTHALMIC","Total",5978096.87439486,1592937.4532719
"RXDRGNAM","ind","ERYTHROMYCIN TOPICAL","Total",1427759.7703085,667250.614402516
"RXDRGNAM","ind","ESCITALOPRAM","Total",2984591686.94528,341461007.937979
"RXDRGNAM","ind","ESOMEPRAZOLE","Total",6250433520.88607,577868015.196378
"RXDRGNAM","ind","ESOMEPRAZOLE-NAPROXEN","Total",326412.13452,326412.13452
"RXDRGNAM","ind","ESTAZOLAM","Total",3513597.92968719,2429822.31358192
"RXDRGNAM","ind","ESTERIFIED ESTROGENS","Total",8040065.6566725,5973489.26744223
"RXDRGNAM","ind","ESTERIFIED ESTROGENS-METHYLTESTOSTERONE","Total",29663469.9665537,21436449.0756416
"RXDRGNAM","ind","ESTRADIOL","Total",312687447.578539,64868484.4041619
"RXDRGNAM","ind","ESTRADIOL-NORETHINDRONE","Total",111137968.570158,33906919.6324676
"RXDRGNAM","ind","ESTRADIOL TOPICAL","Total",249993410.054647,56590772.4147386
"RXDRGNAM","ind","ESTRIOL","Total",710290.2056723,710290.2056723
"RXDRGNAM","ind","ESTROPIPATE","Total",7101290.30051985,4434130.22316531
"RXDRGNAM","ind","ESZOPICLONE","Total",685840536.431653,172086369.877165
"RXDRGNAM","ind","ETANERCEPT","Total",3233082138.84655,1331651913.16819
"RXDRGNAM","ind","ETHACRYNIC ACID","Total",10786691.1848105,9778547.36093975
"RXDRGNAM","ind","ETHINYL ESTRADIOL-ETHYNODIOL","Total",23403358.6754598,10715907.4362119
"RXDRGNAM","ind","ETHINYL ESTRADIOL-ETONOGESTREL","Total",315069656.02448,66107346.3696982
"RXDRGNAM","ind","ETHINYL ESTRADIOL-LEVONORGESTREL","Total",477067987.368874,66476954.1269256
"RXDRGNAM","ind","ETHINYL ESTRADIOL-NORELGESTROMIN","Total",38510599.0895613,12453542.2610357
"RXDRGNAM","ind","ETHINYL ESTRADIOL-NORETHINDRONE","Total",686559003.889209,85105839.199639
"RXDRGNAM","ind","ETHINYL ESTRADIOL-NORGESTIMATE","Total",449866956.627461,60600830.9257283
"RXDRGNAM","ind","ETHINYL ESTRADIOL-NORGESTREL","Total",63913380.2967463,29382551.4793948
"RXDRGNAM","ind","ETHOSUXIMIDE","Total",6353014.99007766,3956974.40936482
"RXDRGNAM","ind","ETODOLAC","Total",76843722.388895,28287502.94112
"RXDRGNAM","ind","ETRAVIRINE","Total",117784135.120862,81941040.9529413
"RXDRGNAM","ind","EXEMESTANE","Total",85573162.895436,38145382.4378942
"RXDRGNAM","ind","EXENATIDE","Total",310158780.835664,91515421.7107755
"RXDRGNAM","ind","EZETIMIBE","Total",1682012233.66933,222573861.64105
"RXDRGNAM","ind","EZETIMIBE-SIMVASTATIN","Total",1347679926.40992,188217364.494988
"RXDRGNAM","ind","FAMCICLOVIR","Total",9809598.4204633,4970591.43336364
"RXDRGNAM","ind","FAMOTIDINE","Total",144180073.09571,42951715.0407951
"RXDRGNAM","ind","FEBUXOSTAT","Total",82021125.9542468,36157805.443861
"RXDRGNAM","ind","FELBAMATE","Total",12599813.5111228,11042670.9876869
"RXDRGNAM","ind","FELODIPINE","Total",135714828.181163,29890378.5521821
"RXDRGNAM","ind","FENOFIBRATE","Total",1907493483.18928,220714809.118251
"RXDRGNAM","ind","FENOFIBRIC ACID","Total",563591311.733773,109552036.223972
"RXDRGNAM","ind","FENTANYL","Total",1808599431.34243,753226046.452115
"RXDRGNAM","ind","FERROUS FUMARATE-FOLIC ACID","Total",697648.32530068,697648.32530068
"RXDRGNAM","ind","FERROUS GLUCONATE","Total",2112212.67336973,629329.057947794
"RXDRGNAM","ind","FERROUS SULFATE","Total",45188649.6615265,8133641.572056
"RXDRGNAM","ind","FESOTERODINE","Total",378781781.537076,226169246.60066
"RXDRGNAM","ind","FEXOFENADINE","Total",396947945.573186,54159950.1964872
"RXDRGNAM","ind","FEXOFENADINE-PSEUDOEPHEDRINE","Total",176416237.398522,47764296.8423044
"RXDRGNAM","ind","FINASTERIDE","Total",350723406.287227,70898992.2061047
"RXDRGNAM","ind","FLAVOXATE","Total",1937242.2869625,1494591.94010243
"RXDRGNAM","ind","FLAX","Total",2101786.50518798,1137688.06322881
"RXDRGNAM","ind","FLECAINIDE","Total",64078186.8853772,27539763.9647246
"RXDRGNAM","ind","FLUCONAZOLE","Total",24133626.3544341,6706934.5596789
"RXDRGNAM","ind","FLUDROCORTISONE","Total",40664211.163074,18065375.0289604
"RXDRGNAM","ind","FLUNISOLIDE NASAL","Total",21129886.4641034,11193229.751553
"RXDRGNAM","ind","FLUOCINOLONE OTIC","Total",1554696.56992276,757655.615509136
"RXDRGNAM","ind","FLUOCINOLONE TOPICAL","Total",21872114.1974102,6519905.85950119
"RXDRGNAM","ind","FLUOCINONIDE TOPICAL","Total",30716739.4219971,7723154.42884567
"RXDRGNAM","ind","FLUORIDE","Total",9087092.05644228,2528097.58691251
"RXDRGNAM","ind","FLUORIDE TOPICAL","Total",4838322.04297233,1187888.71342167
"RXDRGNAM","ind","FLUOROMETHOLONE OPHTHALMIC","Total",5144583.13827961,2004396.30046242
"RXDRGNAM","ind","FLUOROURACIL TOPICAL","Total",55617067.5308887,16213270.506247
"RXDRGNAM","ind","FLUOXETINE","Total",1245494917.57034,302250279.83891
"RXDRGNAM","ind","FLUOXETINE-OLANZAPINE","Total",46492326.2009145,24346973.3502775
"RXDRGNAM","ind","FLUPHENAZINE","Total",4696633.90856361,3265405.43386446
"RXDRGNAM","ind","FLURANDRENOLIDE TOPICAL","Total",2175066.08350668,1345576.94094275
"RXDRGNAM","ind","FLURAZEPAM","Total",1298663.34537292,1041900.6368917
"RXDRGNAM","ind","FLURBIPROFEN","Total",1056652.8529038,810809.893703741
"RXDRGNAM","ind","FLURBIPROFEN OPHTHALMIC","Total",766716.40202667,465620.043205604
"RXDRGNAM","ind","FLUTICASONE","Total",879430405.018845,133614836.368707
"RXDRGNAM","ind","FLUTICASONE-SALMETEROL","Total",6041737298.14638,475423521.857723
"RXDRGNAM","ind","FLUTICASONE NASAL","Total",673231660.643516,59388007.1227183
"RXDRGNAM","ind","FLUTICASONE TOPICAL","Total",31832707.3971545,12814126.3227521
"RXDRGNAM","ind","FLUVASTATIN","Total",63646590.5219993,23661260.9303531
"RXDRGNAM","ind","FLUVOXAMINE","Total",25190283.0717186,10486560.1626659
"RXDRGNAM","ind","FOLIC ACID","Total",81671715.0454566,18527965.7426647
"RXDRGNAM","ind","FOLLICLE STIMULATING HORMONE","Total",329203381.586798,189607306.918303
"RXDRGNAM","ind","FORMOTEROL","Total",296414967.83554,175451334.049302
"RXDRGNAM","ind","FORMOTEROL-MOMETASONE","Total",50026248.7647057,16748282.5760147
"RXDRGNAM","ind","FOSAMPRENAVIR","Total",26580218.0606109,26580218.0606109
"RXDRGNAM","ind","FOSINOPRIL","Total",30741067.970734,9376809.55745095
"RXDRGNAM","ind","FOSINOPRIL-HYDROCHLOROTHIAZIDE","Total",11523794.8411017,7559443.23186453
"RXDRGNAM","ind","FROVATRIPTAN","Total",37531757.8443941,25098075.8932848
"RXDRGNAM","ind","FUROSEMIDE","Total",300023085.229339,27717853.8444739
"RXDRGNAM","ind","GABAPENTIN","Total",1091916811.80501,146011017.359247
"RXDRGNAM","ind","GALANTAMINE","Total",48795487.547843,19960652.1409691
"RXDRGNAM","ind","GANCICLOVIR OPHTHALMIC","Total",5199838.16102982,5199838.16102982
"RXDRGNAM","ind","GATIFLOXACIN OPHTHALMIC","Total",61330650.6905957,19274371.2974933
"RXDRGNAM","ind","GEMFIBROZIL","Total",239856436.956044,36492047.7385522
"RXDRGNAM","ind","GEMIFLOXACIN","Total",7997693.34848136,7997693.34848136
"RXDRGNAM","ind","GENTAMICIN","Total",279358.78846164,279358.78846164
"RXDRGNAM","ind","GENTAMICIN OPHTHALMIC","Total",3187583.13061517,953663.371498122
"RXDRGNAM","ind","GENTAMICIN TOPICAL","Total",401659.15436582,222654.896303506
"RXDRGNAM","ind","GLATIRAMER","Total",4234139751.43245,1556120687.23897
"RXDRGNAM","ind","GLIMEPIRIDE","Total",139707981.887367,20867466.7863677
"RXDRGNAM","ind","GLIMEPIRIDE-PIOGLITAZONE","Total",56995863.0276183,37762215.6081385
"RXDRGNAM","ind","GLIMEPIRIDE-ROSIGLITAZONE","Total",63442876.0935019,39616891.3523321
"RXDRGNAM","ind","GLIPIZIDE","Total",286859780.721804,33240062.9319113
"RXDRGNAM","ind","GLIPIZIDE-METFORMIN","Total",23377946.0801213,9957005.70902715
"RXDRGNAM","ind","GLUCAGON","Total",20540337.4964103,13390088.2026084
"RXDRGNAM","ind","GLUCOSE","Total",5664175.386805,5664175.386805
"RXDRGNAM","ind","GLUCOSE OPHTHALMIC","Total",8195.1476816,8195.1476816
"RXDRGNAM","ind","GLYBURIDE","Total",265957364.220535,41481901.1077034
"RXDRGNAM","ind","GLYBURIDE-METFORMIN","Total",93559558.9634612,27257061.131226
"RXDRGNAM","ind","GLYCOPYRROLATE","Total",8809515.43779694,6419347.61902191
"RXDRGNAM","ind","GRAMICIDIN/NEOMYCIN/POLYMYXIN B OPHTHALMIC","Total",65774.28414029,65774.28414029
"RXDRGNAM","ind","GRANISETRON","Total",36246761.8670784,36246761.8670784
"RXDRGNAM","ind","GRISEOFULVIN","Total",47694782.9096105,24124571.2401505
"RXDRGNAM","ind","GUAIFENESIN","Total",18251228.5310863,3508631.17608643
"RXDRGNAM","ind","GUAIFENESIN-PHENYLEPHRINE","Total",35529.56750175,35529.56750175
"RXDRGNAM","ind","GUAIFENESIN-PSEUDOEPHEDRINE","Total",3502461.69594984,2264148.3650713
"RXDRGNAM","ind","GUANFACINE","Total",251929924.889248,66102464.0470545
"RXDRGNAM","ind","HALOBETASOL TOPICAL","Total",4036650.3413796,3171400.12591614
"RXDRGNAM","ind","HALOPERIDOL","Total",52711242.7955871,18964664.6849564
"RXDRGNAM","ind","HOMATROPINE-HYDROCODONE","Total",121806594.258565,20191924.093284
"RXDRGNAM","ind","HOMATROPINE OPHTHALMIC","Total",10225598.7243606,8060417.57044525
"RXDRGNAM","ind","HYDRALAZINE","Total",105701395.691313,20977930.412901
"RXDRGNAM","ind","HYDRALAZINE-ISOSORBIDE DINITRATE","Total",17491648.2255567,11744414.704689
"RXDRGNAM","ind","HYDROCHLOROTHIAZIDE","Total",374872958.583777,29489802.1496072
"RXDRGNAM","ind","HYDROCHLOROTHIAZIDE-IRBESARTAN","Total",144206349.336674,42290216.3710444
"RXDRGNAM","ind","HYDROCHLOROTHIAZIDE-LISINOPRIL","Total",260382512.138506,31792479.0011639
"RXDRGNAM","ind","HYDROCHLOROTHIAZIDE-LOSARTAN","Total",390505197.249196,67992465.0367843
"RXDRGNAM","ind","HYDROCHLOROTHIAZIDE-METOPROLOL","Total",13356716.2355486,6173834.94076833
"RXDRGNAM","ind","HYDROCHLOROTHIAZIDE-MOEXIPRIL","Total",8877805.93317618,6853001.123902
"RXDRGNAM","ind","HYDROCHLOROTHIAZIDE-OLMESARTAN","Total",441667028.539207,71164479.7618087
"RXDRGNAM","ind","HYDROCHLOROTHIAZIDE-QUINAPRIL","Total",26109736.2009059,13007338.5757849
"RXDRGNAM","ind","HYDROCHLOROTHIAZIDE-SPIRONOLACTONE","Total",5618652.9569314,2175773.34446646
"RXDRGNAM","ind","HYDROCHLOROTHIAZIDE-TELMISARTAN","Total",150012062.342749,42336178.8134727
"RXDRGNAM","ind","HYDROCHLOROTHIAZIDE-TRIAMTERENE","Total",107766582.856768,11653862.3256946
"RXDRGNAM","ind","HYDROCHLOROTHIAZIDE-VALSARTAN","Total",1230939189.90252,133711370.463732
"RXDRGNAM","ind","HYDROCODONE-IBUPROFEN","Total",42892453.2194721,12452768.7170035
"RXDRGNAM","ind","HYDROCODONE-PSEUDOEPHEDRINE","Total",592482.10071916,592482.10071916
"RXDRGNAM","ind","HYDROCORTISONE","Total",34096574.1545677,12425448.1644714
"RXDRGNAM","ind","HYDROCORTISONE-PRAMOXINE TOPICAL","Total",13532844.443904,5056177.7439641
"RXDRGNAM","ind","HYDROCORTISONE TOPICAL","Total",64244945.9712866,14022057.722893
"RXDRGNAM","ind","HYDROCORTISONE/NEOMYCIN/POLYMYXIN B OPHTH","Total",26289215.8743681,8149930.16762201
"RXDRGNAM","ind","HYDROCORTISONE/NEOMYCIN/POLYMYXIN B OTIC","Total",11966706.2699844,2049713.90050762
"RXDRGNAM","ind","HYDROGEN PEROXIDE TOPICAL","Total",50602.97798382,42875.4394588458
"RXDRGNAM","ind","HYDROMORPHONE","Total",46033076.2650645,31839888.9421317
"RXDRGNAM","ind","HYDROQUINONE TOPICAL","Total",7703335.28993349,2683197.62389925
"RXDRGNAM","ind","HYDROXYCHLOROQUINE","Total",129528372.570941,31337582.5823358
"RXDRGNAM","ind","HYDROXYPROGESTERONE","Total",5605679.597222,4305647.85255207
"RXDRGNAM","ind","HYDROXYPROPYL METHYLCELLULOSE OPHTHALMIC","Total",538373.85589869,538373.85589869
"RXDRGNAM","ind","HYDROXYZINE","Total",113867464.129333,19168002.7295203
"RXDRGNAM","ind","HYOSCYAMINE","Total",79375378.0642723,23677433.1333597
"RXDRGNAM","ind","HYOSCYAMINE/METHENAM/M-BLUE/PHENYL SALICYL","Total",1653909.25280985,1506694.87809706
"RXDRGNAM","ind","IBANDRONATE","Total",520514872.027624,104427745.996566
"RXDRGNAM","ind","IBUPROFEN","Total",168334178.532477,14599668.9533124
"RXDRGNAM","ind","IBUPROFEN-PSEUDOEPHEDRINE","Total",5299939.83812034,4141140.95881967
"RXDRGNAM","ind","ILOPERIDONE","Total",62979299.0085701,47220959.0100502
"RXDRGNAM","ind","IMIPRAMINE","Total",26519048.584225,10091381.2746535
"RXDRGNAM","ind","IMIQUIMOD TOPICAL","Total",77408971.1656178,24605942.8298818
"RXDRGNAM","ind","INDAPAMIDE","Total",23985090.9721721,8698834.58136554
"RXDRGNAM","ind","INDOMETHACIN","Total",39322463.2465404,13157943.7310616
"RXDRGNAM","ind","INFLUENZA VIRUS VACCINE, INACTIVATED","Total",1426140.15128324,592693.666037701
"RXDRGNAM","ind","INSULIN ASPART","Total",1523177435.02923,253903922.040996
"RXDRGNAM","ind","INSULIN ASPART-INSULIN ASPART PROTAMINE","Total",630150002.710586,201385122.898769
"RXDRGNAM","ind","INSULIN DETEMIR","Total",664179386.62317,129697096.148169
"RXDRGNAM","ind","INSULIN GLARGINE","Total",4683416088.0212,503632042.911299
"RXDRGNAM","ind","INSULIN GLULISINE","Total",132863210.449995,53599828.8590482
"RXDRGNAM","ind","INSULIN ISOPHANE","Total",2082164352.14674,238511492.01712
"RXDRGNAM","ind","INSULIN ISOPHANE-INSULIN REGULAR","Total",486785856.344901,126779939.725905
"RXDRGNAM","ind","INSULIN LISPRO","Total",2023801694.98936,344938865.297406
"RXDRGNAM","ind","INSULIN LISPRO-INSULIN LISPRO PROTAMINE","Total",301866159.558208,103297729.320775
"RXDRGNAM","ind","INSULIN REGULAR","Total",460866199.060235,150146727.875159
"RXDRGNAM","ind","INTERFERON BETA-1A","Total",731608381.351514,348194219.810549
"RXDRGNAM","ind","IPRATROPIUM","Total",206730692.992666,71910305.1215265
"RXDRGNAM","ind","IPRATROPIUM NASAL","Total",4939487.11534504,3070344.58942335
"RXDRGNAM","ind","IRBESARTAN","Total",578970890.698538,101733722.763133
"RXDRGNAM","ind","IRON POLYSACCHARIDE","Total",10278136.1573639,5735360.36750016
"RXDRGNAM","ind","ISONIAZID","Total",1674014.62363434,763802.043721729
"RXDRGNAM","ind","ISOPROPYL ALCOHOL TOPICAL","Total",3529565.39407275,2021537.9539862
"RXDRGNAM","ind","ISOSORBIDE DINITRATE","Total",15035444.0216536,5097907.19218568
"RXDRGNAM","ind","ISOSORBIDE MONONITRATE","Total",149174883.056202,24694270.083639
"RXDRGNAM","ind","ISOTRETINOIN","Total",153821370.199237,56659292.1316863
"RXDRGNAM","ind","ISRADIPINE","Total",60449116.423138,46113239.4895995
"RXDRGNAM","ind","ITRACONAZOLE","Total",488977.96808,488977.96808
"RXDRGNAM","ind","IVERMECTIN","Total",355726.96167856,355726.96167856
"RXDRGNAM","ind","KAOLIN-PECTIN","Total",3558343.21810569,3558343.21810569
"RXDRGNAM","ind","KETOCONAZOLE","Total",10449768.7512988,4602215.22134008
"RXDRGNAM","ind","KETOCONAZOLE TOPICAL","Total",21796719.3346106,4300311.63426002
"RXDRGNAM","ind","KETOPROFEN","Total",14815231.4749372,7944983.72892532
"RXDRGNAM","ind","KETOROLAC","Total",15895121.1100181,6037469.87318372
"RXDRGNAM","ind","KETOROLAC OPHTHALMIC","Total",79933119.6212722,52356177.5620889
"RXDRGNAM","ind","KETOTIFEN OPHTHALMIC","Total",5382751.89963481,4598524.04723384
"RXDRGNAM","ind","L-METHYLFOLATE","Total",109235955.079675,61801900.5119114
"RXDRGNAM","ind","LABETALOL","Total",84164779.7328078,23857051.3635509
"RXDRGNAM","ind","LACTOBACILLUS ACIDOPHILUS","Total",34345.1992499,34345.1992499
"RXDRGNAM","ind","LACTOBACILLUS ACIDOPHILUS AND BULGARICUS","Total",369929.36507934,261621.26357235
"RXDRGNAM","ind","LACTOBACILLUS CASEI-OMEGA-3 FATTY ACIDS","Total",8801048.21842158,7028576.04998278
"RXDRGNAM","ind","LACTULOSE","Total",8708074.03408695,2851670.77539506
"RXDRGNAM","ind","LAMIVUDINE","Total",241110034.368072,164605387.61638
"RXDRGNAM","ind","LAMIVUDINE-ZIDOVUDINE","Total",34147025.421821,21231025.5706698
"RXDRGNAM","ind","LAMOTRIGINE","Total",685385853.388885,198588011.021693
"RXDRGNAM","ind","LANSOPRAZOLE","Total",1079491009.01372,175398545.599017
"RXDRGNAM","ind","LANTHANUM CARBONATE","Total",33833904.2271353,24103313.3458033
"RXDRGNAM","ind","LATANOPROST OPHTHALMIC","Total",330590357.859265,52577247.7746558
"RXDRGNAM","ind","LEFLUNOMIDE","Total",249110367.155886,139308175.894695
"RXDRGNAM","ind","LETROZOLE","Total",1323648244.24516,565196246.496671
"RXDRGNAM","ind","LEUPROLIDE","Total",18070902.2564406,9123592.11768047
"RXDRGNAM","ind","LEVALBUTEROL","Total",681226567.277825,161459845.205061
"RXDRGNAM","ind","LEVETIRACETAM","Total",276871918.626546,70977866.6181458
"RXDRGNAM","ind","LEVMETAMFETAMINE NASAL","Total",40549169.8300339,7878676.31941358
"RXDRGNAM","ind","LEVOBUNOLOL OPHTHALMIC","Total",8641951.05040212,5417835.19139833
"RXDRGNAM","ind","LEVOCARNITINE","Total",7445972.266341,5303336.71230212
"RXDRGNAM","ind","LEVOCETIRIZINE","Total",187432298.153614,52610623.2392826
"RXDRGNAM","ind","LEVOFLOXACIN","Total",429326284.001756,68702866.8647801
"RXDRGNAM","ind","LEVONORGESTREL","Total",4655458.08883944,4381419.54238503
"RXDRGNAM","ind","LEVOTHYROXINE","Total",1486540663.29202,94174894.7450146
"RXDRGNAM","ind","LIDOCAINE","Total",727762.94349669,390943.549724533
"RXDRGNAM","ind","LIDOCAINE-PRILOCAINE TOPICAL","Total",10951575.7757278,7332603.56817208
"RXDRGNAM","ind","LIDOCAINE TOPICAL","Total",882552934.729847,419833434.219015
"RXDRGNAM","ind","LINAGLIPTIN","Total",11974587.8780183,8749634.33723086
"RXDRGNAM","ind","LINDANE TOPICAL","Total",6489032.7138048,4598142.91108893
"RXDRGNAM","ind","LINEZOLID","Total",3052815.97387132,3052815.97387132
"RXDRGNAM","ind","LIOTHYRONINE","Total",66316191.0428034,24438415.4886321
"RXDRGNAM","ind","LIRAGLUTIDE","Total",712374130.627658,187078183.466848
"RXDRGNAM","ind","LISDEXAMFETAMINE","Total",1233039071.33571,197835518.840442
"RXDRGNAM","ind","LISINOPRIL","Total",1099990922.77638,58705618.7806142
"RXDRGNAM","ind","LITHIUM","Total",90454951.9081423,28926878.2014205
"RXDRGNAM","ind","LOPERAMIDE","Total",7887446.96981178,2891819.91754329
"RXDRGNAM","ind","LOPINAVIR-RITONAVIR","Total",15197441.1890347,15197441.1890347
"RXDRGNAM","ind","LORATADINE","Total",72281239.6258414,12814906.1593106
"RXDRGNAM","ind","LORATADINE-PSEUDOEPHEDRINE","Total",30269996.4877215,8158379.69647429
"RXDRGNAM","ind","LORAZEPAM","Total",204276814.395974,29479487.5162288
"RXDRGNAM","ind","LOSARTAN","Total",682276835.783081,78284910.2783647
"RXDRGNAM","ind","LOTEPREDNOL-TOBRAMYCIN OPHTHALMIC","Total",5546007.3616531,2713844.49895212
"RXDRGNAM","ind","LOTEPREDNOL OPHTHALMIC","Total",44777595.6567227,9400060.86308482
"RXDRGNAM","ind","LOVASTATIN","Total",379816881.825602,70399516.5405196
"RXDRGNAM","ind","LOVASTATIN-NIACIN","Total",56280727.0326081,28384918.9182814
"RXDRGNAM","ind","LUBIPROSTONE","Total",223175824.747979,71917326.0827792
"RXDRGNAM","ind","LURASIDONE","Total",92611685.159209,74549194.728374
"RXDRGNAM","ind","MAGNESIUM CITRATE","Total",207125.11185723,124820.898798057
"RXDRGNAM","ind","MAGNESIUM GLUCONATE","Total",3091973.81143981,2402441.00978091
"RXDRGNAM","ind","MAGNESIUM OXIDE","Total",28000059.9849144,9663187.97988334
"RXDRGNAM","ind","MAGNESIUM/POTASSIUM/SODIUM SULFATES","Total",6343950.2329537,2023139.39810559
"RXDRGNAM","ind","MEBENDAZOLE","Total",2697603.08802768,1353207.97043332
"RXDRGNAM","ind","MECLIZINE","Total",69168143.409972,15388790.3529461
"RXDRGNAM","ind","MECLOFENAMATE","Total",18006646.5169897,18006646.5169897
"RXDRGNAM","ind","MEDROXYPROGESTERONE","Total",41383134.9756027,9332480.9777332
"RXDRGNAM","ind","MEFENAMIC ACID","Total",14609425.2887578,14609425.2887578
"RXDRGNAM","ind","MEFLOQUINE","Total",4732638.39517006,2928606.30930768
"RXDRGNAM","ind","MEGESTROL","Total",31071380.6149899,12109378.2970395
"RXDRGNAM","ind","MELATONIN","Total",800653.69768848,267616.799760254
"RXDRGNAM","ind","MELOXICAM","Total",167612432.023333,18519482.1995232
"RXDRGNAM","ind","MEMANTINE","Total",763748179.301227,185937621.468284
"RXDRGNAM","ind","MENINGOCOCCAL CONJUGATE VACCINE","Total",8492888.4967731,8492888.4967731
"RXDRGNAM","ind","MENTHOL-ZINC OXIDE TOPICAL","Total",352731.42601662,337760.683672907
"RXDRGNAM","ind","MEPERIDINE","Total",8970183.36287555,2963802.4679694
"RXDRGNAM","ind","MEPROBAMATE","Total",8822986.68992656,7382166.36246404
"RXDRGNAM","ind","MERCAPTOPURINE","Total",171833806.588587,96637492.1822703
"RXDRGNAM","ind","MESALAMINE","Total",3304728730.97319,793685385.439246
"RXDRGNAM","ind","MESTRANOL-NORETHINDRONE","Total",2354661.8182152,2354661.8182152
"RXDRGNAM","ind","METAPROTERENOL","Total",1907196.1861742,1475743.42729802
"RXDRGNAM","ind","METAXALONE","Total",151398601.46058,51170885.5510341
"RXDRGNAM","ind","METFORMIN","Total",1358874513.61005,99010868.6566665
"RXDRGNAM","ind","METFORMIN-PIOGLITAZONE","Total",463279119.419785,129959034.643095
"RXDRGNAM","ind","METFORMIN-ROSIGLITAZONE","Total",94974744.9141188,43763481.400975
"RXDRGNAM","ind","METFORMIN-SAXAGLIPTIN","Total",57792566.6794303,31490140.5715038
"RXDRGNAM","ind","METFORMIN-SITAGLIPTIN","Total",663880463.406877,182980183.767299
"RXDRGNAM","ind","METHADONE","Total",83209762.4708385,26158837.4841144
"RXDRGNAM","ind","METHENAMINE","Total",4031691.6257118,4031691.6257118
"RXDRGNAM","ind","METHIMAZOLE","Total",31936213.7284831,12418444.9221106
"RXDRGNAM","ind","METHOCARBAMOL","Total",44330463.6743132,9890903.11618251
"RXDRGNAM","ind","METHOTREXATE","Total",73777364.4843292,16242859.0778058
"RXDRGNAM","ind","METHOXSALEN","Total",29082666.4315591,29082666.4315591
"RXDRGNAM","ind","METHSCOPOLAMINE","Total",1385088.76275,1385088.76275
"RXDRGNAM","ind","METHYL SALICYLATE TOPICAL","Total",632085.80359301,471806.675756336
"RXDRGNAM","ind","METHYLCELLULOSE","Total",223380.219718,223380.219718
"RXDRGNAM","ind","METHYLDOPA","Total",4445473.80679435,1838979.91146978
"RXDRGNAM","ind","METHYLERGONOVINE","Total",560319.6806144,386433.006806297
"RXDRGNAM","ind","METHYLPHENIDATE","Total",2189886483.57901,324410910.250606
"RXDRGNAM","ind","METHYLPREDNISOLONE","Total",55703641.8078611,11166788.2969697
"RXDRGNAM","ind","METOCLOPRAMIDE","Total",30293235.9715139,8201180.36988082
"RXDRGNAM","ind","METOLAZONE","Total",18905868.6214963,7201427.05988616
"RXDRGNAM","ind","METOPROLOL","Total",1912521583.50949,123332392.539989
"RXDRGNAM","ind","METRONIDAZOLE","Total",23400722.0692368,5357136.05874515
"RXDRGNAM","ind","METRONIDAZOLE TOPICAL","Total",124257348.104862,22233452.1935439
"RXDRGNAM","ind","MICONAZOLE-ZINC OXIDE TOPICAL","Total",839667.003416,839667.003416
"RXDRGNAM","ind","MICONAZOLE TOPICAL","Total",1477817.16249615,950146.927939345
"RXDRGNAM","ind","MIDODRINE","Total",75641691.5369839,44801766.7701177
"RXDRGNAM","ind","MIGLITOL","Total",10944279.2955757,7067618.16234365
"RXDRGNAM","ind","MILNACIPRAN","Total",149560497.713811,48514532.3281365
"RXDRGNAM","ind","MINERAL OIL","Total",14850414.5277516,7690481.88922387
"RXDRGNAM","ind","MINOCYCLINE","Total",398156129.695037,130616767.868563
"RXDRGNAM","ind","MINOXIDIL","Total",28618125.3648243,12395297.1473339
"RXDRGNAM","ind","MIRTAZAPINE","Total",83790188.0393583,15356804.3821197
"RXDRGNAM","ind","MISOPROSTOL","Total",15383115.09753,12730962.1226471
"RXDRGNAM","ind","MODAFINIL","Total",1116039063.51895,601792982.271049
"RXDRGNAM","ind","MOEXIPRIL","Total",3707920.93865816,1739311.99967091
"RXDRGNAM","ind","MOLINDONE","Total",1226237.8320114,1226237.8320114
"RXDRGNAM","ind","MOMETASONE","Total",353408617.712983,123959764.209359
"RXDRGNAM","ind","MOMETASONE NASAL","Total",967687604.533822,123049527.126475
"RXDRGNAM","ind","MOMETASONE TOPICAL","Total",9912976.05772628,2879586.91516101
"RXDRGNAM","ind","MONTELUKAST","Total",5124399613.40861,455691686.256083
"RXDRGNAM","ind","MORPHINE","Total",752769910.358448,224777326.206938
"RXDRGNAM","ind","MOXIFLOXACIN","Total",179390938.887414,43241850.9109195
"RXDRGNAM","ind","MOXIFLOXACIN OPHTHALMIC","Total",109058549.865213,16899430.9549513
"RXDRGNAM","ind","MULTIVITAMIN","Total",245315939.08983,49871773.7856615
"RXDRGNAM","ind","MULTIVITAMIN WITH FLUORIDE","Total",11459973.8304778,4991140.22397206
"RXDRGNAM","ind","MULTIVITAMIN WITH IRON","Total",14105109.5439386,5607918.58653927
"RXDRGNAM","ind","MULTIVITAMIN WITH MINERALS","Total",22090398.6513302,4860050.45756414
"RXDRGNAM","ind","MULTIVITAMIN, PRENATAL","Total",262693838.973058,78154514.3361296
"RXDRGNAM","ind","MUPIROCIN TOPICAL","Total",63426480.7972362,11273447.051854
"RXDRGNAM","ind","MYCOPHENOLATE MOFETIL","Total",538045739.51105,221374804.348534
"RXDRGNAM","ind","MYCOPHENOLIC ACID","Total",624231037.150828,340599455.953886
"RXDRGNAM","ind","NABUMETONE","Total",44003183.9661835,9705920.57123675
"RXDRGNAM","ind","NADOLOL","Total",21983655.0724755,6011799.47055713
"RXDRGNAM","ind","NAFTIFINE TOPICAL","Total",83131892.9102439,33277390.312067
"RXDRGNAM","ind","NALBUPHINE","Total",337509.15018777,337509.15018777
"RXDRGNAM","ind","NALOXONE-PENTAZOCINE","Total",696151.59317314,696151.59317314
"RXDRGNAM","ind","NAPHAZOLINE-PHENIRAMINE OPHTHALMIC","Total",21766402.5274653,8560787.81575803
"RXDRGNAM","ind","NAPHAZOLINE OPHTHALMIC","Total",29405.0119104,29405.0119104
"RXDRGNAM","ind","NAPROXEN","Total",187874968.850148,26255096.6953116
"RXDRGNAM","ind","NAPROXEN-SUMATRIPTAN","Total",89938502.5170182,59992058.3745247
"RXDRGNAM","ind","NARATRIPTAN","Total",18084018.9528465,12190838.4187821
"RXDRGNAM","ind","NATEGLINIDE","Total",24204489.7885488,15848635.9805066
"RXDRGNAM","ind","NEBIVOLOL","Total",728499272.31501,100994585.50414
"RXDRGNAM","ind","NEFAZODONE","Total",21157573.8996714,14616410.6723834
"RXDRGNAM","ind","NEOMYCIN","Total",245162.43039919,115982.082428668
"RXDRGNAM","ind","NEPAFENAC OPHTHALMIC","Total",27116174.8070869,8878707.25041353
"RXDRGNAM","ind","NEVIRAPINE","Total",17866279.1043304,17866279.1043304
"RXDRGNAM","ind","NIACIN","Total",1375735944.13595,260289368.046909
"RXDRGNAM","ind","NIACIN-SIMVASTATIN","Total",188081214.486187,55935882.9573897
"RXDRGNAM","ind","NIACINAMIDE","Total",1458829.0210376,1062927.20547398
"RXDRGNAM","ind","NICOTINE","Total",13724586.7214417,4727011.344836
"RXDRGNAM","ind","NIFEDIPINE","Total",416305353.494578,60496449.1654287
"RXDRGNAM","ind","NISOLDIPINE","Total",150366987.060978,78227719.1046522
"RXDRGNAM","ind","NITAZOXANIDE","Total",3664946.44132543,3664946.44132543
"RXDRGNAM","ind","NITROFURANTOIN","Total",157679960.979462,33435809.9763187
"RXDRGNAM","ind","NITROGLYCERIN","Total",145780456.817456,32749816.0335545
"RXDRGNAM","ind","NIZATIDINE","Total",13266075.9526993,8826064.90174804
"RXDRGNAM","ind","NONOXYNOL 9 TOPICAL","Total",81322.07304162,81322.07304162
"RXDRGNAM","ind","NORETHINDRONE","Total",73121100.4462651,19973378.8954185
"RXDRGNAM","ind","NORTRIPTYLINE","Total",28314087.232809,5550743.54776907
"RXDRGNAM","ind","NYSTATIN","Total",51593469.2344184,15156162.2426679
"RXDRGNAM","ind","NYSTATIN-TRIAMCINOLONE TOPICAL","Total",7375720.19177266,1909772.18841232
"RXDRGNAM","ind","NYSTATIN TOPICAL","Total",15272179.845704,5895852.37706177
"RXDRGNAM","ind","OCULAR LUBRICANT","Total",31498134.9105625,5675993.03059039
"RXDRGNAM","ind","OFLOXACIN","Total",5120407.1144384,5120407.1144384
"RXDRGNAM","ind","OFLOXACIN OPHTHALMIC","Total",1954729.15060619,1032234.22860846
"RXDRGNAM","ind","OFLOXACIN OTIC","Total",5952570.11305684,1809968.56438695
"RXDRGNAM","ind","OLANZAPINE","Total",1724318920.77818,346145572.09091
"RXDRGNAM","ind","OLMESARTAN","Total",765819722.679404,131712012.371181
"RXDRGNAM","ind","OLOPATADINE NASAL","Total",56232915.4136658,23148138.2675526
"RXDRGNAM","ind","OLOPATADINE OPHTHALMIC","Total",241734297.970497,46013408.9451874
"RXDRGNAM","ind","OMALIZUMAB","Total",1767140525.42299,1306602771.47608
"RXDRGNAM","ind","OMEGA-3 POLYUNSATURATED FATTY ACIDS","Total",1089320049.69069,203523399.008159
"RXDRGNAM","ind","OMEPRAZOLE","Total",3034049145.5911,368227922.788265
"RXDRGNAM","ind","OMEPRAZOLE-SODIUM BICARBONATE","Total",53960023.6230701,41997442.6466211
"RXDRGNAM","ind","ONABOTULINUMTOXINA","Total",123525608.427198,92230468.5034651
"RXDRGNAM","ind","ONDANSETRON","Total",394944525.060465,93212221.0579434
"RXDRGNAM","ind","ORLISTAT","Total",20210740.7617396,9188821.41710299
"RXDRGNAM","ind","ORPHENADRINE","Total",21014976.1861697,9214186.43468066
"RXDRGNAM","ind","OSELTAMIVIR","Total",98125830.7699021,16514541.7307665
"RXDRGNAM","ind","OXAPROZIN","Total",15993466.0705103,4917986.90976213
"RXDRGNAM","ind","OXAZEPAM","Total",2510305.25304125,1783375.00537495
"RXDRGNAM","ind","OXCARBAZEPINE","Total",362920219.074586,84756537.3397445
"RXDRGNAM","ind","OXICONAZOLE TOPICAL","Total",10388708.8692313,6286294.53362293
"RXDRGNAM","ind","OXYBUTYNIN","Total",325692255.247498,57814099.4027343
"RXDRGNAM","ind","OXYCODONE","Total",2700531973.77751,505345422.974388
"RXDRGNAM","ind","OXYMETAZOLINE NASAL","Total",4373785.48111633,1738993.15946737
"RXDRGNAM","ind","OXYMORPHONE","Total",345025349.14426,150377449.903755
"RXDRGNAM","ind","PALIPERIDONE","Total",245059220.622371,91879746.2967249
"RXDRGNAM","ind","PANCRELIPASE","Total",516882194.386649,202764614.386553
"RXDRGNAM","ind","PANTOPRAZOLE","Total",688819400.962821,123420413.986007
"RXDRGNAM","ind","PARICALCITOL","Total",28018493.7814982,19828919.0722677
"RXDRGNAM","ind","PAROXETINE","Total",1023385475.0151,235252951.412841
"RXDRGNAM","ind","PEGINTERFERON ALFA-2A","Total",96959922.3763493,96959922.3763493
"RXDRGNAM","ind","PENCICLOVIR TOPICAL","Total",1875065.25111786,1357067.81911011
"RXDRGNAM","ind","PENICILLIN","Total",41264.1785336,41264.1785336
"RXDRGNAM","ind","PENICILLIN V POTASSIUM","Total",28081473.0569624,3150392.54211136
"RXDRGNAM","ind","PENTOXIFYLLINE","Total",19643959.0045565,7131223.62738768
"RXDRGNAM","ind","PERINDOPRIL","Total",8130809.00423012,8130809.00423012
"RXDRGNAM","ind","PERMETHRIN TOPICAL","Total",7274155.64500232,1964356.82947496
"RXDRGNAM","ind","PERPHENAZINE","Total",8272117.50217784,7083869.076524
"RXDRGNAM","ind","PETROLATUM TOPICAL","Total",14684160.6046159,4829139.79785186
"RXDRGNAM","ind","PHENAZOPYRIDINE","Total",6281699.28791923,2709849.03781345
"RXDRGNAM","ind","PHENDIMETRAZINE","Total",3151494.3049134,2831935.39586492
"RXDRGNAM","ind","PHENOBARBITAL","Total",10555590.7107854,3619617.00152051
"RXDRGNAM","ind","PHENTERMINE","Total",55169795.3790838,12040466.3824592
"RXDRGNAM","ind","PHENYLEPHRINE","Total",35776.302585,35776.302585
"RXDRGNAM","ind","PHENYLEPHRINE-PROMETHAZINE","Total",10781087.0370437,2645116.74760633
"RXDRGNAM","ind","PHENYLEPHRINE-PYRILAMINE","Total",75340.01751276,75340.01751276
"RXDRGNAM","ind","PHENYTOIN","Total",137685945.025925,27958436.5985107
"RXDRGNAM","ind","PHYTONADIONE","Total",4745533.6563264,4745533.6563264
"RXDRGNAM","ind","PILOCARPINE OPHTHALMIC","Total",3452657.6107813,1867436.15961307
"RXDRGNAM","ind","PIMECROLIMUS TOPICAL","Total",157819383.36529,113722146.337324
"RXDRGNAM","ind","PINDOLOL","Total",941659.86624048,941659.86624048
"RXDRGNAM","ind","PIOGLITAZONE","Total",3152856560.0084,298332642.122444
"RXDRGNAM","ind","PIRBUTEROL","Total",16423952.8539749,7911257.21855119
"RXDRGNAM","ind","PIROXICAM","Total",71914911.3450522,32442318.1934351
"RXDRGNAM","ind","PITAVASTATIN","Total",56623515.3536157,29836980.3703666
"RXDRGNAM","ind","PNEUMOCOCCAL 23-POLYVALENT VACCINE","Total",475613.20287,475613.20287
"RXDRGNAM","ind","POLYCARBOPHIL","Total",309981.25470846,309981.25470846
"RXDRGNAM","ind","POLYETHYLENE GLYCOL 3350","Total",42607004.1562173,15660108.0938599
"RXDRGNAM","ind","POLYETHYLENE GLYCOL 3350 WITH ELECTROLYTES","Total",29913019.9435378,8666640.89383192
"RXDRGNAM","ind","POLYMYXIN B-TRIMETHOPRIM OPHTHALMIC","Total",7121858.06657474,1879167.08199716
"RXDRGNAM","ind","POSACONAZOLE","Total",988737.673644,988737.673644
"RXDRGNAM","ind","POTASSIUM ACID PHOSPHATE","Total",7734964.245957,4996148.52607652
"RXDRGNAM","ind","POTASSIUM CHLORIDE","Total",666383382.896953,58257983.7157656
"RXDRGNAM","ind","POTASSIUM CITRATE","Total",42619154.891899,25775002.5694547
"RXDRGNAM","ind","POTASSIUM IODIDE","Total",504148.70601387,504148.70601387
"RXDRGNAM","ind","POTASSIUM PHOSPHATE-SODIUM PHOSPHATE","Total",2157298.37275344,1530611.99039648
"RXDRGNAM","ind","POVIDONE IODINE TOPICAL","Total",280313.51468062,208882.455037266
"RXDRGNAM","ind","PRAMIPEXOLE","Total",289765409.643697,66496619.1888795
"RXDRGNAM","ind","PRAMLINTIDE","Total",33333919.3272274,28136381.367663
"RXDRGNAM","ind","PRASUGREL","Total",161707287.651418,74927511.5391964
"RXDRGNAM","ind","PRAVASTATIN","Total",626928750.45583,74969916.0960442
"RXDRGNAM","ind","PRAZOSIN","Total",18659170.3569936,7541158.53616776
"RXDRGNAM","ind","PREDNISOLONE","Total",51039401.2090048,14210175.1356611
"RXDRGNAM","ind","PREDNISOLONE-SULFACETAMIDE SODIUM OPHTHALMIC","Total",1381540.03258047,1112883.39813808
"RXDRGNAM","ind","PREDNISOLONE OPHTHALMIC","Total",43449193.6547999,7237804.10477742
"RXDRGNAM","ind","PREDNISONE","Total",123807306.370096,10643608.4114688
"RXDRGNAM","ind","PREGABALIN","Total",2017430968.84345,331133430.183951
"RXDRGNAM","ind","PRILOCAINE","Total",36703703.7394771,21434840.681451
"RXDRGNAM","ind","PRIMAQUINE","Total",1161302.70594564,1161302.70594564
"RXDRGNAM","ind","PRIMIDONE","Total",57383192.0979213,26459777.9866728
"RXDRGNAM","ind","PROBENECID","Total",20222419.2863829,11611898.0115797
"RXDRGNAM","ind","PROCHLORPERAZINE","Total",9724034.40679616,3400586.05971598
"RXDRGNAM","ind","PROGESTERONE","Total",183468527.164997,46556849.2207223
"RXDRGNAM","ind","PROMETHAZINE","Total",74677062.8786007,10290140.4629147
"RXDRGNAM","ind","PROPAFENONE","Total",66072665.9717004,40627244.5297645
"RXDRGNAM","ind","PROPRANOLOL","Total",208935724.24761,39152367.4902348
"RXDRGNAM","ind","PSEUDOEPHEDRINE","Total",2658214.61357659,790155.247972122
"RXDRGNAM","ind","PSEUDOEPHEDRINE-TRIPROLIDINE","Total",2312490.77727243,1904717.44300171
"RXDRGNAM","ind","PSYLLIUM","Total",1293798.36966908,661040.619943404
"RXDRGNAM","ind","PYRIDOSTIGMINE","Total",763671.99720576,763671.99720576
"RXDRGNAM","ind","PYRIDOXINE","Total",5327644.69935091,1754432.66970491
"RXDRGNAM","ind","PYRITHIONE ZINC TOPICAL","Total",98703.00843435,98703.00843435
"RXDRGNAM","ind","QUETIAPINE","Total",2835834264.21518,406948128.050771
"RXDRGNAM","ind","QUINAPRIL","Total",112429881.510602,17252586.2333362
"RXDRGNAM","ind","QUININE","Total",34806134.8952094,16691643.0119972
"RXDRGNAM","ind","RABEPRAZOLE","Total",797137435.197677,218136136.741902
"RXDRGNAM","ind","RALOXIFENE","Total",593774833.659228,106931312.977838
"RXDRGNAM","ind","RALTEGRAVIR","Total",1062174106.96488,493868057.88816
"RXDRGNAM","ind","RAMELTEON","Total",55944390.3549174,33959593.1589881
"RXDRGNAM","ind","RAMIPRIL","Total",245582453.297683,44957934.3684417
"RXDRGNAM","ind","RANITIDINE","Total",220701225.728506,38701443.121917
"RXDRGNAM","ind","RANOLAZINE","Total",564784658.813559,186150849.94585
"RXDRGNAM","ind","RASAGILINE","Total",232136082.187989,145825843.431219
"RXDRGNAM","ind","REPAGLINIDE","Total",160119419.89035,66977381.684632
"RXDRGNAM","ind","RETAPAMULIN TOPICAL","Total",12086922.930723,6721808.09109507
"RXDRGNAM","ind","RIBAVIRIN","Total",355171921.458839,214380259.754162
"RXDRGNAM","ind","RIBOFLAVIN","Total",989273.29042846,400962.756562235
"RXDRGNAM","ind","RIFAMPIN","Total",18783205.3000201,14516554.3523221
"RXDRGNAM","ind","RIFAXIMIN","Total",150769287.92758,83115329.4412805
"RXDRGNAM","ind","RISEDRONATE","Total",773925643.657969,217939415.565734
"RXDRGNAM","ind","RISPERIDONE","Total",345044355.01553,50886880.3528853
"RXDRGNAM","ind","RITONAVIR","Total",358407597.367656,109491823.765823
"RXDRGNAM","ind","RIVASTIGMINE","Total",455013459.778753,139699367.990424
"RXDRGNAM","ind","RIZATRIPTAN","Total",798613529.991079,191787244.988307
"RXDRGNAM","ind","ROFLUMILAST","Total",14254099.6734385,9773861.63041931
"RXDRGNAM","ind","ROPINIROLE","Total",221298783.364672,42250291.8486765
"RXDRGNAM","ind","ROSIGLITAZONE","Total",84174442.0161294,41223379.2891966
"RXDRGNAM","ind","ROSUVASTATIN","Total",4897445489.51424,347743229.883986
"RXDRGNAM","ind","RUFINAMIDE","Total",10158026.7815222,10158026.7815222
"RXDRGNAM","ind","SACCHAROMYCES BOULARDII LYO","Total",3899364.98310311,2371987.70746398
"RXDRGNAM","ind","SALICYLIC ACID TOPICAL","Total",35417508.6625541,5920560.63961252
"RXDRGNAM","ind","SALMETEROL","Total",138073180.768614,54972530.8907526
"RXDRGNAM","ind","SALSALATE","Total",13038751.2686918,7454505.40850127
"RXDRGNAM","ind","SAXAGLIPTIN","Total",315365069.112649,102626604.30703
"RXDRGNAM","ind","SCOPOLAMINE","Total",12335550.6751547,7776372.97344552
"RXDRGNAM","ind","SELEGILINE","Total",19180930.412299,10573448.8958614
"RXDRGNAM","ind","SELENIUM SULFIDE TOPICAL","Total",3469524.50916037,1593888.43374067
"RXDRGNAM","ind","SENNA","Total",4867024.52107353,1632714.82906878
"RXDRGNAM","ind","SERTACONAZOLE TOPICAL","Total",5945344.79665533,3106261.57500719
"RXDRGNAM","ind","SERTRALINE","Total",698858519.246615,70099739.1449307
"RXDRGNAM","ind","SEVELAMER","Total",872726883.499078,265285006.128958
"RXDRGNAM","ind","SILDENAFIL","Total",301321658.422169,101328244.200144
"RXDRGNAM","ind","SILODOSIN","Total",52220087.9805677,18400056.3292271
"RXDRGNAM","ind","SILVER SULFADIAZINE TOPICAL","Total",2682881.92568786,796285.29587287
"RXDRGNAM","ind","SILVER TOPICAL","Total",1505964.1713166,1011857.54055537
"RXDRGNAM","ind","SIMETHICONE","Total",1373504.51963323,735419.64470373
"RXDRGNAM","ind","SIMVASTATIN","Total",3644984244.8161,218204236.3283
"RXDRGNAM","ind","SINECATECHINS TOPICAL","Total",9401709.58140888,6754606.82615197
"RXDRGNAM","ind","SIROLIMUS","Total",112705081.070733,100661727.902637
"RXDRGNAM","ind","SITAGLIPTIN","Total",2192544359.2719,261779273.488494
"RXDRGNAM","ind","SODIUM BICARBONATE","Total",3770061.61595091,1782625.14086326
"RXDRGNAM","ind","SODIUM BIPHOSPHATE-SODIUM PHOSPHATE","Total",600852.148152,600852.148152
"RXDRGNAM","ind","SODIUM CHLORIDE","Total",454552.22215067,289937.792240097
"RXDRGNAM","ind","SODIUM CHLORIDE NASAL","Total",1947747.05211593,795831.610145853
"RXDRGNAM","ind","SODIUM CHLORIDE, HYPERTONIC, OPHTHALMIC","Total",8711109.33700267,6399716.60687692
"RXDRGNAM","ind","SODIUM HYALURONATE","Total",36821915.4821087,36821915.4821087
"RXDRGNAM","ind","SODIUM HYALURONATE TOPICAL","Total",11132730.9175986,11132730.9175986
"RXDRGNAM","ind","SODIUM POLYSTYRENE SULFONATE","Total",2018992.91811892,1362291.91657876
"RXDRGNAM","ind","SOLIFENACIN","Total",714500963.589783,164254976.70916
"RXDRGNAM","ind","SORBITOL","Total",62161.91032878,52043.4978439987
"RXDRGNAM","ind","SOTALOL","Total",34373331.4308667,9878397.70450381
"RXDRGNAM","ind","SPIRONOLACTONE","Total",127992258.150442,15898727.8317995
"RXDRGNAM","ind","SUCRALFATE","Total",90293577.1434003,24693316.7811128
"RXDRGNAM","ind","SULFACETAMIDE SODIUM-SULFUR TOPICAL","Total",40529401.7379683,20034780.7657271
"RXDRGNAM","ind","SULFACETAMIDE SODIUM OPHTHALMIC","Total",1271095.86180434,434895.425421853
"RXDRGNAM","ind","SULFACETAMIDE SODIUM TOPICAL","Total",27291097.8923498,18153431.5098016
"RXDRGNAM","ind","SULFAMETHOXAZOLE-TRIMETHOPRIM","Total",66710308.5228209,9549638.48287355
"RXDRGNAM","ind","SULFASALAZINE","Total",32886800.4283555,9638979.73179657
"RXDRGNAM","ind","SULINDAC","Total",10508339.8524841,6324674.30639823
"RXDRGNAM","ind","SUMATRIPTAN","Total",308053512.08206,65444811.2821879
"RXDRGNAM","ind","TACROLIMUS","Total",479114899.171554,233539728.483112
"RXDRGNAM","ind","TACROLIMUS TOPICAL","Total",85450486.275422,42007401.8608815
"RXDRGNAM","ind","TADALAFIL","Total",157428528.949863,44250139.8439002
"RXDRGNAM","ind","TAMOXIFEN","Total",65804684.0426653,19863706.0498513
"RXDRGNAM","ind","TAMSULOSIN","Total",743304962.564015,89842866.13327
"RXDRGNAM","ind","TAPENTADOL","Total",73367136.7646052,28413082.6593236
"RXDRGNAM","ind","TAZAROTENE TOPICAL","Total",91626436.1181737,53407311.2342206
"RXDRGNAM","ind","TELMISARTAN","Total",430116296.539485,93315066.5784225
"RXDRGNAM","ind","TEMAZEPAM","Total",66720481.4522371,15717430.6778852
"RXDRGNAM","ind","TENOFOVIR","Total",184418774.461218,82750672.2515445
"RXDRGNAM","ind","TERAZOSIN","Total",110849036.548978,34112767.6372043
"RXDRGNAM","ind","TERBINAFINE","Total",34596563.1587693,11117222.7196862
"RXDRGNAM","ind","TERBINAFINE TOPICAL","Total",2753087.12354767,1334768.4334767
"RXDRGNAM","ind","TERBUTALINE","Total",4066582.8472548,4066582.8472548
"RXDRGNAM","ind","TERCONAZOLE TOPICAL","Total",3282687.22699887,1257923.87959426
"RXDRGNAM","ind","TERIPARATIDE","Total",208040170.920577,119344651.690423
"RXDRGNAM","ind","TESTOSTERONE","Total",1726989052.76192,416250078.633936
"RXDRGNAM","ind","TETRACAINE OPHTHALMIC","Total",118189.46530424,118189.46530424
"RXDRGNAM","ind","TETRACYCLINE","Total",5371794.10890608,1675438.01744621
"RXDRGNAM","ind","TETRAHYDROZOLINE NASAL","Total",11049206.7533453,1691241.01186675
"RXDRGNAM","ind","THEOPHYLLINE","Total",52681996.5052167,20225361.7382992
"RXDRGNAM","ind","THIAMINE","Total",2353354.37622979,1111674.19043644
"RXDRGNAM","ind","THIOGUANINE","Total",2427526.856056,2427526.856056
"RXDRGNAM","ind","THIORIDAZINE","Total",2053474.83113771,1311442.48667256
"RXDRGNAM","ind","THIOTHIXENE","Total",29459363.9690187,28420296.6531938
"RXDRGNAM","ind","THYROID DESICCATED","Total",96088386.2427809,24183093.5761405
"RXDRGNAM","ind","TIAGABINE","Total",146142966.001573,121105241.95606
"RXDRGNAM","ind","TICLOPIDINE","Total",5259816.5783328,5259816.5783328
"RXDRGNAM","ind","TIMOLOL OPHTHALMIC","Total",219885117.840306,129731755.366528
"RXDRGNAM","ind","TINIDAZOLE","Total",1206706.16866464,1206706.16866464
"RXDRGNAM","ind","TIOCONAZOLE TOPICAL","Total",97562.113917,97562.113917
"RXDRGNAM","ind","TIOTROPIUM","Total",2909510956.12191,342652301.044544
"RXDRGNAM","ind","TIZANIDINE","Total",290235622.181721,109364782.874864
"RXDRGNAM","ind","TOBRAMYCIN","Total",8103436.65244074,4962599.57457586
"RXDRGNAM","ind","TOBRAMYCIN OPHTHALMIC","Total",6460882.51469922,1609886.27308304
"RXDRGNAM","ind","TOLAZAMIDE","Total",15130382.425777,15130382.425777
"RXDRGNAM","ind","TOLNAFTATE TOPICAL","Total",1190048.87190256,667819.897641336
"RXDRGNAM","ind","TOLTERODINE","Total",731361120.877319,138579644.392764
"RXDRGNAM","ind","TOPIRAMATE","Total",1307751583.04654,365900524.271638
"RXDRGNAM","ind","TORSEMIDE","Total",26796465.2077701,7244582.84595903
"RXDRGNAM","ind","TRAMADOL","Total",398083563.043882,70356644.2613111
"RXDRGNAM","ind","TRANDOLAPRIL","Total",8859807.19105483,4284619.6073265
"RXDRGNAM","ind","TRANDOLAPRIL-VERAPAMIL","Total",27736493.6151379,27529313.6737004
"RXDRGNAM","ind","TRANEXAMIC ACID","Total",5190105.69015288,4155329.15096976
"RXDRGNAM","ind","TRAVOPROST OPHTHALMIC","Total",534967346.135705,120231831.478559
"RXDRGNAM","ind","TRAZODONE","Total",178328995.917172,24129678.4168371
"RXDRGNAM","ind","TRETINOIN TOPICAL","Total",331187755.737632,107100238.666307
"RXDRGNAM","ind","TRIAMCINOLONE","Total",11074452.2810261,6660275.55958078
"RXDRGNAM","ind","TRIAMCINOLONE NASAL","Total",109167484.002984,42900845.547772
"RXDRGNAM","ind","TRIAMCINOLONE TOPICAL","Total",67071620.6254237,13209481.1259475
"RXDRGNAM","ind","TRIAMTERENE","Total",103814398.175408,31969580.7248639
"RXDRGNAM","ind","TRIAZOLAM","Total",2462987.87757294,1155980.97448112
"RXDRGNAM","ind","TRIFLUOPERAZINE","Total",13300100.5170956,7555326.26969323
"RXDRGNAM","ind","TRIFLURIDINE OPHTHALMIC","Total",1261478.0695008,912603.656913384
"RXDRGNAM","ind","TRIHEXYPHENIDYL","Total",438014.26316232,438014.26316232
"RXDRGNAM","ind","TROLAMINE SALICYLATE TOPICAL","Total",275750.41231268,275750.41231268
"RXDRGNAM","ind","TROPICAMIDE OPHTHALMIC","Total",1447756.32938,938972.471156945
"RXDRGNAM","ind","TROSPIUM","Total",48059395.4253766,22933065.4345628
"RXDRGNAM","ind","UBIQUINONE","Total",3913239.14436863,2823303.9486668
"RXDRGNAM","ind","UREA TOPICAL","Total",4880369.08401598,2168723.95378476
"RXDRGNAM","ind","URSODIOL","Total",59116927.1796047,42061113.8463514
"RXDRGNAM","ind","VALACYCLOVIR","Total",549189467.671818,119211824.09734
"RXDRGNAM","ind","VALGANCICLOVIR","Total",260422838.190035,163667886.381314
"RXDRGNAM","ind","VALPROIC ACID","Total",2002836.07205101,1028896.31026102
"RXDRGNAM","ind","VALSARTAN","Total",2511056564.67015,328456840.184755
"RXDRGNAM","ind","VANCOMYCIN","Total",305108044.143473,194037425.08374
"RXDRGNAM","ind","VARDENAFIL","Total",110159050.206031,43018571.5618013
"RXDRGNAM","ind","VARENICLINE","Total",118012994.098164,24035867.012576
"RXDRGNAM","ind","VENLAFAXINE","Total",2052170519.48858,360365933.703953
"RXDRGNAM","ind","VERAPAMIL","Total",177666841.648473,27305434.831061
"RXDRGNAM","ind","VITAMIN E","Total",804094.27735181,665335.179325794
"RXDRGNAM","ind","VORICONAZOLE","Total",219415755.888672,150623488.883592
"RXDRGNAM","ind","WARFARIN","Total",700035253.801865,82347504.6414511
"RXDRGNAM","ind","WITCH HAZEL TOPICAL","Total",24246.13523665,17949.1180921802
"RXDRGNAM","ind","ZAFIRLUKAST","Total",23548248.8371849,21220106.0559779
"RXDRGNAM","ind","ZALEPLON","Total",14009162.552676,9963850.80165921
"RXDRGNAM","ind","ZINC OXIDE TOPICAL","Total",962012.71985664,710776.666889558
"RXDRGNAM","ind","ZINC SULFATE","Total",3897519.66939704,825377.026183119
"RXDRGNAM","ind","ZIPRASIDONE","Total",1853825395.78659,487659096.082546
"RXDRGNAM","ind","ZOLMITRIPTAN","Total",84026004.9355065,55876511.0827626
"RXDRGNAM","ind","ZOLPIDEM","Total",1001262364.11801,138545835.086714
"RXDRGNAM","ind","ZONISAMIDE","Total",17856685.0887126,7104439.7752391
"RXDRGNAM","ind","ZOSTER VACCINE LIVE","Total",28868995.271123,21105010.5818796
